ADgroup,category,PSgroup,xkey,LogonId,DisplayName,Description,EmailAddress,UPN
dlg.WW.ADM-Services.P2V.ECO.power,OLD,DELETE,MARC23,MarcSteven.Swales@omv.com,Swales Marc Steven (MARC23),FEE-D Economics & Planning - Dev.,MarcSteven.Swales@omv.com,MarcSteven.Swales@omv.com
dlg.WW.ADM-Services.P2V.ECO.power,OLD,DELETE,SUSAN2,Susan.Ellis@omv.com,Ellis Susan (SUSAN2),FE-E Economics & Planning,Susan.Ellis@omv.com,Susan.Ellis@omv.com
dlg.WW.ADM-Services.P2V.ECO.power,OLD,DELETE,RADE01,Rade.Kalas@omv.com,Kalas Rade (RADE01),FEC-V Value Center Controlling,Rade.Kalas@omv.com,Rade.Kalas@omv.com
dlg.WW.ADM-Services.P2V.ECO.power,OLD,DELETE,CHRISTIAN87,Christian.Sledz@petrom.com,Sledz Christian (CHRISTIAN87),PFE-F Project Finance & Economics,Christian.Sledz@petrom.com,Christian.Sledz@petrom.com
dlg.WW.ADM-Services.P2V.ECO.power,OLD,DELETE,CORINA9,Corina.Moza@omv.com,Moza Corina (CORINA9),FEC-V Value Center Controlling,Corina.Moza@omv.com,Corina.Moza@omv.com
dlg.WW.ADM-Services.P2V.ECO.power,OLD,DELETE,CHLOE1,Chloe.Asmar@omv.com,Asmar Chloe (CHLOE1),FEE-D Economics & Planning - Dev.,Chloe.Asmar@omv.com,Chloe.Asmar@omv.com
dlg.WW.ADM-Services.P2V.ECO.power,OLD,DELETE,XHUSSAIFI,Fida.Hussain@omv.com,Hussain Fida (XHUSSAIFI),FEE-O Economics & Planning - Ops.,Fida.Hussain@omv.com,Fida.Hussain@omv.com
dlg.WW.ADM-Services.P2V.ECO.power,OLD,DELETE,X449810,Birgit.Stoiser@omv.com,Stoiser Birgit (X449810),FE-E Economics & Planning,Birgit.Stoiser@omv.com,Birgit.Stoiser@omv.com
dlg.WW.ADM-Services.P2V.ECO.power,OLD,DELETE,X451671,Mario-Luis.Rodriguez_Chavez@omv.com,Rodriguez Chavez Mario-Luis (X451671),FEE-O Economics & Planning - Ops.,Mario-Luis.Rodriguez_Chavez@omv.com,Mario-Luis.Rodriguez_Chavez@omv.com
