displayname,xkey,logonID,profile,ptype
Øverland Øivind (OEIVIND1),OEIVIND1,Oivind.Overland@omv.com,A16.profile.Finance.Classic,profile
Øverland Øivind (OEIVIND1),OEIVIND1,Oivind.Overland@omv.com,data.Norway,data
Aaserud Paul Arne (PAUL32),PAUL32,PaulArne.Aaserud@omv.com,A08.profile.Projectmanager.Classic,profile
Aaserud Paul Arne (PAUL32),PAUL32,PaulArne.Aaserud@omv.com,data.Norway,data
Abdoli Mostafa (XABDOLI),XABDOLI,Mostafa.Abdoli@omv.com,A08.profile.Projectmanager.Classic,profile
Abdoli Mostafa (XABDOLI),XABDOLI,Mostafa.Abdoli@omv.com,data.Norway,data
Abdul Rahman Norshafarina (NORSHAFARIN1),NORSHAFARIN1,NORSHAFARIN1@ww.omv.com,A16.profile.Finance.Classic,profile
Abdul Rahman Norshafarina (NORSHAFARIN1),NORSHAFARIN1,NORSHAFARIN1@ww.omv.com,data.Malaysia,data
Abdul Rahman Norshafarina (NORSHAFARIN1),NORSHAFARIN1,NORSHAFARIN1@ww.omv.com,data.Mexico,data
Abdul Rahman Norshafarina (NORSHAFARIN1),NORSHAFARIN1,NORSHAFARIN1@ww.omv.com,data.Sapura.Australia,data
Abdul Rahman Norshafarina (NORSHAFARIN1),NORSHAFARIN1,NORSHAFARIN1@ww.omv.com,data.Sapura.NewZealand,data
Abdullah Mohamad Fairosenyzam (MOHAMAD6),MOHAMAD6,MOHAMAD6@ww.omv.com,A08.profile.Projectmanager.Classic,profile
Abdullah Mohamad Fairosenyzam (MOHAMAD6),MOHAMAD6,MOHAMAD6@ww.omv.com,data.Malaysia,data
Ahmad Azra (AZRA03),AZRA03,AZRA03@ww.omv.com,A16.profile.Finance.Classic,profile
Ahmad Azra (AZRA03),AZRA03,AZRA03@ww.omv.com,data.Malaysia,data
Ahmad Azra (AZRA03),AZRA03,AZRA03@ww.omv.com,data.Mexico,data
Ahmad Azra (AZRA03),AZRA03,AZRA03@ww.omv.com,data.Sapura.Australia,data
Ahmad Azra (AZRA03),AZRA03,AZRA03@ww.omv.com,data.Sapura.NewZealand,data
Al Didi Anass (ANASS1),ANASS1,Anass.AlDidi@external.omv.com,A03.profile.CAPDAT,profile
Al Didi Anass (ANASS1),ANASS1,Anass.AlDidi@external.omv.com,data.Corporate,data
Amzar Tiberiu-Alexandru (X01011568),X01011568,TiberiuAlexandru.Amzar@petrom.com,A04.profile.Light,profile
Amzar Tiberiu-Alexandru (X01011568),X01011568,TiberiuAlexandru.Amzar@petrom.com,data.Romania,data
Anagnastopol Mihaela-Creola (X01007059),X01007059,Mihaela.Anagnastopol@petrom.com,A16.profile.Finance.Classic,profile
Anagnastopol Mihaela-Creola (X01007059),X01007059,Mihaela.Anagnastopol@petrom.com,data.Romania,data
Andrei Elena Iuliana (X01018903),X01018903,ElenaIuliana.Andrei@petrom.com,A06.profile.Light.Fin.Port,profile
Andrei Elena Iuliana (X01018903),X01018903,ElenaIuliana.Andrei@petrom.com,data.Romania,data
Anghelescu Valentina (X01008024),X01008024,Valentina.Anghelescu@petrom.com,A06.profile.Light.Fin.Port,profile
Anghelescu Valentina (X01008024),X01008024,Valentina.Anghelescu@petrom.com,data.Romania,data
Antes Gerald (X449077),X449077,Gerald.Antes@omv.com,A02.profile.PetroVR,profile
Antes Gerald (X449077),X449077,Gerald.Antes@omv.com,A04.profile.Light,profile
Antes Gerald (X449077),X449077,Gerald.Antes@omv.com,data.Corporate,data
Apelt Bernd (X449766),X449766,Bernd.Apelt@omv.com,A04.profile.Light,profile
Apelt Bernd (X449766),X449766,Bernd.Apelt@omv.com,data.Corporate,data
Apostoiu Ion (X01010924),X01010924,Ion.Apostoiu1@petrom.com,A07.profile.Projectmanager.PET,profile
Apostoiu Ion (X01010924),X01010924,Ion.Apostoiu1@petrom.com,data.Romania,data
Apostol Ionut (X01012183),X01012183,Ionut.Apostol@petrom.com,A16.profile.Finance.Classic,profile
Apostol Ionut (X01012183),X01012183,Ionut.Apostol@petrom.com,data.Romania,data
Arafat Marilena-Carmen (X01012397),X01012397,Carmen.Arafat@petrom.com,A20.profile.Reserves.local.QRE,profile
Arafat Marilena-Carmen (X01012397),X01012397,Carmen.Arafat@petrom.com,data.Romania,data
Armitage-Hobbs Simon (SIMON41),SIMON41,Simon.Hobbs@omv.com,A02.profile.PetroVR,profile
Armitage-Hobbs Simon (SIMON41),SIMON41,Simon.Hobbs@omv.com,A08.profile.Projectmanager.Classic,profile
Armitage-Hobbs Simon (SIMON41),SIMON41,Simon.Hobbs@omv.com,data.Corporate,data
Armitage-Hobbs Simon (SIMON41),SIMON41,Simon.Hobbs@omv.com,data.Norway,data
Audochii Florina Luciana (X01010250),X01010250,Florina.Audochii@petrom.com,A08.profile.Projectmanager.Classic,profile
Audochii Florina Luciana (X01010250),X01010250,Florina.Audochii@petrom.com,data.Libya,data
Audochii Nona-Alice (X01013355),X01013355,Nona.Audochii@petrom.com,A18.profile.Finance.Plus,profile
Audochii Nona-Alice (X01013355),X01013355,Nona.Audochii@petrom.com,data.Corporate,data
Auer Dominik (X449884),X449884,Dominik.Auer@petrom.com,A06.profile.Light.Fin.Port,profile
Auer Dominik (X449884),X449884,Dominik.Auer@petrom.com,data.Bulgaria,data
Auer Dominik (X449884),X449884,Dominik.Auer@petrom.com,data.Georgia,data
Auer Dominik (X449884),X449884,Dominik.Auer@petrom.com,data.Romania,data
Ayari Noura (XAYARI),XAYARI,noura.ayari@omv.com,A08.profile.Projectmanager.Classic,profile
Ayari Noura (XAYARI),XAYARI,noura.ayari@omv.com,data.Tunisia,data
Bøe Trond (TROND1),TROND1,Trond.Boe@omv.com,A08.profile.Projectmanager.Classic,profile
Bøe Trond (TROND1),TROND1,Trond.Boe@omv.com,data.Norway,data
Baciu Mihai-Ciprian (X01012179),X01012179,Ciprian.Baciu@petrom.com,A20.profile.Reserves.local.QRE,profile
Baciu Mihai-Ciprian (X01012179),X01012179,Ciprian.Baciu@petrom.com,data.Romania,data
Bahri Chahine (CHAHINE1),CHAHINE1,Chahine.Bahri@omv.com,A08.profile.Projectmanager.Classic,profile
Bahri Chahine (CHAHINE1),CHAHINE1,Chahine.Bahri@omv.com,data.Tunisia,data
Baily Heather (HEATHER4),HEATHER4,Heather.Baily@omv.com,A08.profile.Projectmanager.Classic,profile
Baily Heather (HEATHER4),HEATHER4,Heather.Baily@omv.com,data.Norway,data
Balan Cristian-Nicolae (X01013421),X01013421,CristianNicolae.Balan@petrom.com,A06.profile.Light.Fin.Port,profile
Balan Cristian-Nicolae (X01013421),X01013421,CristianNicolae.Balan@petrom.com,data.Bulgaria,data
Balan Cristian-Nicolae (X01013421),X01013421,CristianNicolae.Balan@petrom.com,data.Georgia,data
Balan Cristian-Nicolae (X01013421),X01013421,CristianNicolae.Balan@petrom.com,data.Romania,data
Balomiri Victor-Emanuel (VICTOR8),VICTOR8,Victor.Balomiri@omv.com,A10.profile.Planning.classic,profile
Balomiri Victor-Emanuel (VICTOR8),VICTOR8,Victor.Balomiri@omv.com,data.Corporate,data
Banciu Traian (X01000994),X01000994,Traian.Banciu@petrom.com,A04.profile.Light,profile
Banciu Traian (X01000994),X01000994,Traian.Banciu@petrom.com,data.Romania,data
Barbu Elena-Loredana (X01022270),X01022270,Loredana_Elena.Barbu@petrom.com,A13.profile.Economics.Classic,profile
Barbu Elena-Loredana (X01022270),X01022270,Loredana_Elena.Barbu@petrom.com,data.Romania,data
Barbu Ionica (X01000651),X01000651,Ionica.Barbu@petrom.com,A20.profile.Reserves.local.QRE,profile
Barbu Ionica (X01000651),X01000651,Ionica.Barbu@petrom.com,data.Romania,data
Barcsa Gabriela-Livia (X01006078),X01006078,Gabriela.Barcsa@petrom.com,A04.profile.Light,profile
Barcsa Gabriela-Livia (X01006078),X01006078,Gabriela.Barcsa@petrom.com,data.Romania,data
Bauer Franz (X450683),X450683,Franz.Bauer@omv.com,A10.profile.Planning.classic,profile
Bauer Franz (X450683),X450683,Franz.Bauer@omv.com,A13.profile.Economics.Classic,profile
Bauer Franz (X450683),X450683,Franz.Bauer@omv.com,data.Bulgaria,data
Bauer Franz (X450683),X450683,Franz.Bauer@omv.com,data.Georgia,data
Bauer Franz (X450683),X450683,Franz.Bauer@omv.com,data.Romania,data
Baumgartner Tanja Maria (X451558),X451558,Tanja.Weber@omv.com,A10.profile.Planning.classic,profile
Baumgartner Tanja Maria (X451558),X451558,Tanja.Weber@omv.com,A13.profile.Economics.Classic,profile
Baumgartner Tanja Maria (X451558),X451558,Tanja.Weber@omv.com,data.Libya,data
Baumgartner Tanja Maria (X451558),X451558,Tanja.Weber@omv.com,data.Russia,data
Behrend Jens (X011450),X011450,Jens.Behrend@omv.com,A20.profile.Reserves.local.QRE,profile
Behrend Jens (X011450),X011450,Jens.Behrend@omv.com,data.Austria,data
Beidinger Andreas (ANDREAS11),ANDREAS11,Andreas.Beidinger@omv.com,A04.profile.Light,profile
Beidinger Andreas (ANDREAS11),ANDREAS11,Andreas.Beidinger@omv.com,data.Corporate,data
Ben Ameur Asma (X903144),X903144,Asma.Benameur@omv.com,A08.profile.Projectmanager.Classic,profile
Ben Ameur Asma (X903144),X903144,Asma.Benameur@omv.com,data.Tunisia,data
Bencsik Enikö (ENIKOE1),ENIKOE1,Enikoe.Bencsik@omv.com,A10.profile.Planning.classic,profile
Bencsik Enikö (ENIKOE1),ENIKOE1,Enikoe.Bencsik@omv.com,A13.profile.Economics.Classic,profile
Bencsik Enikö (ENIKOE1),ENIKOE1,Enikoe.Bencsik@omv.com,A16.profile.Finance.Classic,profile
Bencsik Enikö (ENIKOE1),ENIKOE1,Enikoe.Bencsik@omv.com,data.Libya,data
Berghofer Karl (XBERGHOKA),XBERGHOKA,Karl.Berghofer@omv.com,A04.profile.Light,profile
Berghofer Karl (XBERGHOKA),XBERGHOKA,Karl.Berghofer@omv.com,data.Tunisia,data
Bichler Georg (X431197),X431197,Georg.Bichler@omv.com,A04.profile.Light,profile
Bichler Georg (X431197),X431197,Georg.Bichler@omv.com,data.Austria,data
Bichler Georg (X431197),X431197,Georg.Bichler@omv.com,data.Corporate,data
Bieg Ulrich (ULRICH2),ULRICH2,Ulrich.Bieg@omv.com,A25.profile.Exploration.OA.Admin,profile
Bieg Ulrich (ULRICH2),ULRICH2,Ulrich.Bieg@omv.com,data.Corporate,data
Bierbaumer Michael (X436733),X436733,Michael.Bierbaumer@omv.com,A04.profile.Light,profile
Bierbaumer Michael (X436733),X436733,Michael.Bierbaumer@omv.com,data.Corporate,data
Biltan Florin (X01021197),X01021197,Florin.Biltan@petrom.com,A08.profile.Projectmanager.Classic,profile
Biltan Florin (X01021197),X01021197,Florin.Biltan@petrom.com,data.Libya,data
Birkenes Sigbjørn (SIGBJOERN1),SIGBJOERN1,sigbjorn.birkenes@omv.com,A08.profile.Projectmanager.Classic,profile
Birkenes Sigbjørn (SIGBJOERN1),SIGBJOERN1,sigbjorn.birkenes@omv.com,data.Norway,data
Blazekovic Sasa (X011451),X011451,Sasa.Blazekovic@omv.com,A08.profile.Projectmanager.Classic,profile
Blazekovic Sasa (X011451),X011451,Sasa.Blazekovic@omv.com,data.Austria,data
Blecha Christian (X450582),X450582,Christian.Blecha@omv.com,A14.profile.Economics.Regimes,profile
Blecha Christian (X450582),X450582,Christian.Blecha@omv.com,A15.profile.Economics.Plus,profile
Blecha Christian (X450582),X450582,Christian.Blecha@omv.com,data.Corporate,data
Boeru Adelin-Ionut (X01000963),X01000963,Adelin-Ionut.Boeru@petrom.com,A20.profile.Reserves.local.QRE,profile
Boeru Adelin-Ionut (X01000963),X01000963,Adelin-Ionut.Boeru@petrom.com,data.Romania,data
Bonifate Catalina (X01016753),X01016753,Catalina.Bonifate@petrom.com,A16.profile.Finance.Classic,profile
Bonifate Catalina (X01016753),X01016753,Catalina.Bonifate@petrom.com,data.Romania,data
Bouziani Aymen (XBOUZIAAY),XBOUZIAAY,Aymen.Bouziani@external.omv.com,A16.profile.Finance.Classic,profile
Bouziani Aymen (XBOUZIAAY),XBOUZIAAY,Aymen.Bouziani@external.omv.com,data.Tunisia,data
Bracegirdle Hamish (HAMISH2),HAMISH2,Hamish.Bracegirdle@omv.com,A16.profile.Finance.Classic,profile
Bracegirdle Hamish (HAMISH2),HAMISH2,Hamish.Bracegirdle@omv.com,data.Australia,data
Bracegirdle Hamish (HAMISH2),HAMISH2,Hamish.Bracegirdle@omv.com,data.NewZealand,data
Bramlage Andreas (X01BRAAND),X01BRAAND,Andreas.Bramlage@petrom.com,A08.profile.Projectmanager.Classic,profile
Bramlage Andreas (X01BRAAND),X01BRAAND,Andreas.Bramlage@petrom.com,data.Libya,data
Brandtner Sascha (SASCHA2),SASCHA2,Sascha.Brandtner@omv.com,A08.profile.Projectmanager.Classic,profile
Brandtner Sascha (SASCHA2),SASCHA2,Sascha.Brandtner@omv.com,data.Austria,data
Brandtner Sascha (SASCHA2),SASCHA2,Sascha.Brandtner@omv.com,data.Corporate,data
Branescu Mihai (X01012860),X01012860,Mihai.Branescu@petrom.com,A07.profile.Projectmanager.PET,profile
Branescu Mihai (X01012860),X01012860,Mihai.Branescu@petrom.com,data.Romania,data
Brenner Jörg (X450169),X450169,Joerg.Brenner@omv.com,A04.profile.Light,profile
Brenner Jörg (X450169),X450169,Joerg.Brenner@omv.com,data.Corporate,data
Bresciani Marco (MARCO9),MARCO9,Marco.Bresciani@omv.com,A10.profile.Planning.classic,profile
Bresciani Marco (MARCO9),MARCO9,Marco.Bresciani@omv.com,A13.profile.Economics.Classic,profile
Bresciani Marco (MARCO9),MARCO9,Marco.Bresciani@omv.com,data.Norway,data
Britton Christopher Noel (CHRIS29),CHRIS29,ChristopherNoel.Britton@omv.com,A04.profile.Light,profile
Britton Christopher Noel (CHRIS29),CHRIS29,ChristopherNoel.Britton@omv.com,data.Corporate,data
Brock Lewis (LEWIS1),LEWIS1,Lewis.Brock@omv.com,A10.profile.Planning.classic,profile
Brock Lewis (LEWIS1),LEWIS1,Lewis.Brock@omv.com,A13.profile.Economics.Classic,profile
Brock Lewis (LEWIS1),LEWIS1,Lewis.Brock@omv.com,data.Australia,data
Brock Lewis (LEWIS1),LEWIS1,Lewis.Brock@omv.com,data.NewZealand,data
Brown Hamish (HAMISH1),HAMISH1,Hamish.Brown@omv.com,A08.profile.Projectmanager.Classic,profile
Brown Hamish (HAMISH1),HAMISH1,Hamish.Brown@omv.com,data.NewZealand,data
Bulgariu Razvan (X01001805),X01001805,Razvan.Bulgariu@omv.com,00P2VADMIN,profile
Bulgariu Razvan (X01001805),X01001805,Razvan.Bulgariu@omv.com,A11.profile.Planning.Plus,profile
Bulgariu Razvan (X01001805),X01001805,Razvan.Bulgariu@omv.com,A12.profile.Auditor,profile
Bulgariu Razvan (X01001805),X01001805,Razvan.Bulgariu@omv.com,data.Corporate,data
Bunescu Florina (X01003515),X01003515,Loredana.Bunescu@petrom.com,A06.profile.Light.Fin.Port,profile
Bunescu Florina (X01003515),X01003515,Loredana.Bunescu@petrom.com,data.Bulgaria,data
Bunescu Florina (X01003515),X01003515,Loredana.Bunescu@petrom.com,data.Georgia,data
Bunescu Florina (X01003515),X01003515,Loredana.Bunescu@petrom.com,data.Romania,data
Burge Neil (NEIL13),NEIL13,Neil.Burge@omv.com,A16.profile.Finance.Classic,profile
Burge Neil (NEIL13),NEIL13,Neil.Burge@omv.com,data.NewZealand,data
Butler Claire (CLAIRE3),CLAIRE3,Claire.Butler@omv.com,A23.profile.Reserves.Headoffice.Approve,profile
Butler Claire (CLAIRE3),CLAIRE3,Claire.Butler@omv.com,data.Corporate,data
Calinescu Petruta Alina (X01015446),X01015446,PetrutaAlina.Calinescu@petrom.com,A13.profile.Economics.Classic,profile
Calinescu Petruta Alina (X01015446),X01015446,PetrutaAlina.Calinescu@petrom.com,data.Bulgaria,data
Calinescu Petruta Alina (X01015446),X01015446,PetrutaAlina.Calinescu@petrom.com,data.Georgia,data
Calinescu Petruta Alina (X01015446),X01015446,PetrutaAlina.Calinescu@petrom.com,data.Romania,data
Campbell Bryce (BRYCE1),BRYCE1,Bryce.Campbell@omv.com,A08.profile.Projectmanager.Classic,profile
Campbell Bryce (BRYCE1),BRYCE1,Bryce.Campbell@omv.com,data.Malaysia,data
Camuescu Marius Adrian (X01013271),X01013271,Marius.Camuescu@petrom.com,A07.profile.Projectmanager.PET,profile
Camuescu Marius Adrian (X01013271),X01013271,Marius.Camuescu@petrom.com,data.Romania,data
Cantarella Giuseppe (X452241),X452241,Giuseppe.Cantarella@omv.com,A08.profile.Projectmanager.Classic,profile
Cantarella Giuseppe (X452241),X452241,Giuseppe.Cantarella@omv.com,data.ArabEmirates,data
Cantarella Giuseppe (X452241),X452241,Giuseppe.Cantarella@omv.com,data.Kurdistan,data
Cantarella Giuseppe (X452241),X452241,Giuseppe.Cantarella@omv.com,data.Tunisia,data
Cantarella Giuseppe (X452241),X452241,Giuseppe.Cantarella@omv.com,data.Yemen,data
Catu-Sascioreanu Roxana (X01000582),X01000582,Roxana.Catu-Sascioreanu@petrom.com,A13.profile.Economics.Classic,profile
Catu-Sascioreanu Roxana (X01000582),X01000582,Roxana.Catu-Sascioreanu@petrom.com,data.Bulgaria,data
Catu-Sascioreanu Roxana (X01000582),X01000582,Roxana.Catu-Sascioreanu@petrom.com,data.Georgia,data
Catu-Sascioreanu Roxana (X01000582),X01000582,Roxana.Catu-Sascioreanu@petrom.com,data.Romania,data
Check MW (s.ro.checkmw),s.ro.checkmw,s.ro.checkmw@petrom.com,A04.profile.Light,profile
Check MW (s.ro.checkmw),s.ro.checkmw,s.ro.checkmw@petrom.com,data.Corporate,data
Chetrone Diana (X01025240),X01025240,Diana.Chetrone@omv.com,A18.profile.Finance.Plus,profile
Chetrone Diana (X01025240),X01025240,Diana.Chetrone@omv.com,data.Corporate,data
Chevalier Francis (FRANCIS3),FRANCIS3,Francis.Chevalier@omv.com,A08.profile.Projectmanager.Classic,profile
Chevalier Francis (FRANCIS3),FRANCIS3,Francis.Chevalier@omv.com,data.Norway,data
Chioran Dragos-Dorel (X01022508),X01022508,Dragos.Chioran1@petrom.com,A06.profile.Light.Fin.Port,profile
Chioran Dragos-Dorel (X01022508),X01022508,Dragos.Chioran1@petrom.com,data.Romania,data
Chiri Carlo (X01025468),X01025468,Carlo.Chiri@petrom.com,A07.profile.Projectmanager.PET,profile
Chiri Carlo (X01025468),X01025468,Carlo.Chiri@petrom.com,data.Romania,data
Chiriac Madalina (X01022492),X01022492,Madalina.Chiriac@petrom.com,A16.profile.Finance.Classic,profile
Chiriac Madalina (X01022492),X01022492,Madalina.Chiriac@petrom.com,data.Romania,data
Chis Nicoleta-Marinela (X01022493),X01022493,Nicoleta.Chis@petrom.com,A16.profile.Finance.Classic,profile
Chis Nicoleta-Marinela (X01022493),X01022493,Nicoleta.Chis@petrom.com,data.Romania,data
Chitu Maria Valentina (X01020092),X01020092,Valentina.Chitu@petrom.com,A10.profile.Planning.classic,profile
Chitu Maria Valentina (X01020092),X01020092,Valentina.Chitu@petrom.com,data.Bulgaria,data
Chitu Maria Valentina (X01020092),X01020092,Valentina.Chitu@petrom.com,data.Georgia,data
Chitu Maria Valentina (X01020092),X01020092,Valentina.Chitu@petrom.com,data.Romania,data
Ciora Octavian-Mihai (X01022560),X01022560,Octavian_Mihai.Ciora@petrom.com,A06.profile.Light.Fin.Port,profile
Ciora Octavian-Mihai (X01022560),X01022560,Octavian_Mihai.Ciora@petrom.com,data.Bulgaria,data
Ciora Octavian-Mihai (X01022560),X01022560,Octavian_Mihai.Ciora@petrom.com,data.Georgia,data
Ciora Octavian-Mihai (X01022560),X01022560,Octavian_Mihai.Ciora@petrom.com,data.Romania,data
Cirlan Anda-Mihaela (X01000658),X01000658,Anda-Mihaela.Cirlan@petrom.com,A07.profile.Projectmanager.PET,profile
Cirlan Anda-Mihaela (X01000658),X01000658,Anda-Mihaela.Cirlan@petrom.com,data.Romania,data
Cirstian Felicia (X01010024),X01010024,Felicia.Cirstian@petrom.com,A07.profile.Projectmanager.PET,profile
Cirstian Felicia (X01010024),X01010024,Felicia.Cirstian@petrom.com,data.Romania,data
Clare Alan (XCLAREAL),XCLAREAL,Alan.Clare@omv.com,A08.profile.Projectmanager.Classic,profile
Clare Alan (XCLAREAL),XCLAREAL,Alan.Clare@omv.com,data.Australia,data
Clare Alan (XCLAREAL),XCLAREAL,Alan.Clare@omv.com,data.NewZealand,data
Coada-Petre Madalina (X01024526),X01024526,Madalina.CoadaPetre@omv.com,A10.profile.Planning.classic,profile
Coada-Petre Madalina (X01024526),X01024526,Madalina.CoadaPetre@omv.com,A13.profile.Economics.Classic,profile
Coada-Petre Madalina (X01024526),X01024526,Madalina.CoadaPetre@omv.com,data.Norway,data
Coanda Simona-Daniela (X01007748),X01007748,SimonaDaniela.Coanda@petrom.com,A10.profile.Planning.classic,profile
Coanda Simona-Daniela (X01007748),X01007748,SimonaDaniela.Coanda@petrom.com,data.Bulgaria,data
Coanda Simona-Daniela (X01007748),X01007748,SimonaDaniela.Coanda@petrom.com,data.Georgia,data
Coanda Simona-Daniela (X01007748),X01007748,SimonaDaniela.Coanda@petrom.com,data.Romania,data
Cojocaru Petruta (X01000630),X01000630,Petruta.Cojocaru@petrom.com,A04.profile.Light,profile
Cojocaru Petruta (X01000630),X01000630,Petruta.Cojocaru@petrom.com,data.Romania,data
Corbu Razvan Florin (X01013107),X01013107,Razvan.Corbu@petrom.com,A20.profile.Reserves.local.QRE,profile
Corbu Razvan Florin (X01013107),X01013107,Razvan.Corbu@petrom.com,data.Romania,data
Costa de Almeida Sousa Teles Catarina Sofia (X452088),X452088,Catarina.Teles@omv.com,A19.profile.Portfolio.Classic,profile
Costa de Almeida Sousa Teles Catarina Sofia (X452088),X452088,Catarina.Teles@omv.com,data.Corporate,data
Cruceru Irina-Raluca (X01003379),X01003379,Raluca.Cruceru@petrom.com,A16.profile.Finance.Classic,profile
Cruceru Irina-Raluca (X01003379),X01003379,Raluca.Cruceru@petrom.com,data.Bulgaria,data
Cruceru Irina-Raluca (X01003379),X01003379,Raluca.Cruceru@petrom.com,data.Georgia,data
Cruceru Irina-Raluca (X01003379),X01003379,Raluca.Cruceru@petrom.com,data.Romania,data
Cujba Valentina (X01000845),X01000845,Valentina.Cujba@petrom.com,A07.profile.Projectmanager.PET,profile
Cujba Valentina (X01000845),X01000845,Valentina.Cujba@petrom.com,data.Romania,data
Culjak Sandra (SANDRA18),SANDRA18,Sandra.Culjak@petrom.com,A16.profile.Finance.Classic,profile
Culjak Sandra (SANDRA18),SANDRA18,Sandra.Culjak@petrom.com,data.Bulgaria,data
Culjak Sandra (SANDRA18),SANDRA18,Sandra.Culjak@petrom.com,data.Georgia,data
Culjak Sandra (SANDRA18),SANDRA18,Sandra.Culjak@petrom.com,data.Romania,data
Daae Helene Virkesdal (HELENE2),HELENE2,Helene.Daae@omv.com,A08.profile.Projectmanager.Classic,profile
Daae Helene Virkesdal (HELENE2),HELENE2,Helene.Daae@omv.com,data.Norway,data
Dammerer-Kerbl Michael (X01024385),X01024385,Michael.Dammerer@omv.com,A08.profile.Projectmanager.Classic,profile
Dammerer-Kerbl Michael (X01024385),X01024385,Michael.Dammerer@omv.com,data.Tunisia,data
Daneasa Mihai-Marius (X01007122),X01007122,Mihai_Marius.Daneasa@petrom.com,A04.profile.Light,profile
Daneasa Mihai-Marius (X01007122),X01007122,Mihai_Marius.Daneasa@petrom.com,data.Romania,data
Danek Susanne (X370957),X370957,Susanne.Danek@omv.com,A04.profile.Light,profile
Danek Susanne (X370957),X370957,Susanne.Danek@omv.com,data.Corporate,data
Davidescu Bogdan-George (X01026000),X01026000,BogdanGeorge.Davidescu@omv.com,A04.profile.Light,profile
Davidescu Bogdan-George (X01026000),X01026000,BogdanGeorge.Davidescu@omv.com,data.Austria,data
Davidson Robert (ROBERT98),ROBERT98,Robert.Davidson@omv.com,A08.profile.Projectmanager.Classic,profile
Davidson Robert (ROBERT98),ROBERT98,Robert.Davidson@omv.com,data.NewZealand,data
Deacon Andrew Charles (ANDREW14),ANDREW14,Andrew.Deacon@omv.com,A08.profile.Projectmanager.Classic,profile
Deacon Andrew Charles (ANDREW14),ANDREW14,Andrew.Deacon@omv.com,data.Russia,data
Deckers Marie (X451659),X451659,Marie.Deckers@omv.com,A20.profile.Reserves.local.QRE,profile
Deckers Marie (X451659),X451659,Marie.Deckers@omv.com,data.Tunisia,data
Derbal Malek (MALEK3),MALEK3,Malek.Derbal@omv.com,A10.profile.Planning.classic,profile
Derbal Malek (MALEK3),MALEK3,Malek.Derbal@omv.com,A13.profile.Economics.Classic,profile
Derbal Malek (MALEK3),MALEK3,Malek.Derbal@omv.com,A16.profile.Finance.Classic,profile
Derbal Malek (MALEK3),MALEK3,Malek.Derbal@omv.com,data.Tunisia,data
Despa Liliana (X01012582),X01012582,Liliana.Despa@petrom.com,A16.profile.Finance.Classic,profile
Despa Liliana (X01012582),X01012582,Liliana.Despa@petrom.com,data.Romania,data
Dick Ruxandra (X01007657),X01007657,Ruxandra.Dick@petrom.com,A07.profile.Projectmanager.PET,profile
Dick Ruxandra (X01007657),X01007657,Ruxandra.Dick@petrom.com,data.Romania,data
Dima Georgeta-Alina (X01000527),X01000527,GeorgetaAlina.Dima@petrom.com,A06.profile.Light.Fin.Port,profile
Dima Georgeta-Alina (X01000527),X01000527,GeorgetaAlina.Dima@petrom.com,data.Romania,data
Dimitriu Elena-Cristina (X01014234),X01014234,Elena.Alexandru@petrom.com,A10.profile.Planning.classic,profile
Dimitriu Elena-Cristina (X01014234),X01014234,Elena.Alexandru@petrom.com,data.Bulgaria,data
Dimitriu Elena-Cristina (X01014234),X01014234,Elena.Alexandru@petrom.com,data.Georgia,data
Dimitriu Elena-Cristina (X01014234),X01014234,Elena.Alexandru@petrom.com,data.Romania,data
Dinescu Anca-Ica (ANCA10),ANCA10,AncaIca.Dinescu@omv.com,A16.profile.Finance.Classic,profile
Dinescu Anca-Ica (ANCA10),ANCA10,AncaIca.Dinescu@omv.com,data.ArabEmirates,data
Dinescu Anca-Ica (ANCA10),ANCA10,AncaIca.Dinescu@omv.com,data.Kurdistan,data
Dinu Bogdan-Marius,X01022417,BogdanMarius.Dinu@omv.com,A18.profile.Finance.Plus,profile
Dinu Bogdan-Marius,X01022417,BogdanMarius.Dinu@omv.com,data.Corporate,data
Dinu Irene-Claudia (X01000584),X01000584,Irene.Dinu@petrom.com,A19.profile.Portfolio.Classic,profile
Dinu Irene-Claudia (X01000584),X01000584,Irene.Dinu@petrom.com,data.Bulgaria,data
Dinu Irene-Claudia (X01000584),X01000584,Irene.Dinu@petrom.com,data.Georgia,data
Dinu Irene-Claudia (X01000584),X01000584,Irene.Dinu@petrom.com,data.Romania,data
Dobany Kinga (KINGA7),KINGA7,Kinga.Dobany@external.omv.com,A06.profile.Light.Fin.Port,profile
Dobany Kinga (KINGA7),KINGA7,Kinga.Dobany@external.omv.com,data.Corporate,data
Dobbins Robert Shane (XDOBBINRO),XDOBBINRO,Rob.Dobbins@omv.com,A08.profile.Projectmanager.Classic,profile
Dobbins Robert Shane (XDOBBINRO),XDOBBINRO,Rob.Dobbins@omv.com,data.Norway,data
Dobre Mihaela-Nicoleta (MIHAELA37),MIHAELA37,MihaelaNicoleta.Dobre@petrom.com,A06.profile.Light.Fin.Port,profile
Dobre Mihaela-Nicoleta (MIHAELA37),MIHAELA37,MihaelaNicoleta.Dobre@petrom.com,data.Corporate,data
Domnanovich Alexander Martin,ALEXANDER47,AlexanderMartin.Domnanovich@omv.com,A08.profile.Projectmanager.Classic,profile
Domnanovich Alexander Martin,ALEXANDER47,AlexanderMartin.Domnanovich@omv.com,data.Austria,data
Donner Josef (X451062),X451062,Josef.Donner@omv.com,A16.profile.Finance.Classic,profile
Donner Josef (X451062),X451062,Josef.Donner@omv.com,data.Austria,data
Dortland Sterre (STERRE1),STERRE1,Sterre.Dortland@omv.com,A02.profile.PetroVR,profile
Dortland Sterre (STERRE1),STERRE1,Sterre.Dortland@omv.com,A03.profile.CAPDAT,profile
Dortland Sterre (STERRE1),STERRE1,Sterre.Dortland@omv.com,A04.profile.Light,profile
Dortland Sterre (STERRE1),STERRE1,Sterre.Dortland@omv.com,A25.profile.Exploration.OA.Admin,data
Dortland Sterre (STERRE1),STERRE1,Sterre.Dortland@omv.com,data.Corporate,data
Dragan Andreea Lizeta (X01019009),X01019009,AndreeaLizeta.Dragan@petrom.com,A04.profile.Light,profile
Dragan Andreea Lizeta (X01019009),X01019009,AndreeaLizeta.Dragan@petrom.com,data.Romania,data
Drage Lars (LARS1),LARS1,Lars.Drage@omv.com,A08.profile.Projectmanager.Classic,profile
Drage Lars (LARS1),LARS1,Lars.Drage@omv.com,data.Norway,data
Dragoi Ionut (X01006486),X01006486,Ionut.Dragoi@petrom.com,A07.profile.Projectmanager.PET,profile
Dragoi Ionut (X01006486),X01006486,Ionut.Dragoi@petrom.com,data.Romania,data
Dragomir Alexandru (X01000727),X01000727,Alexandru.Dragomir@petrom.com,A04.profile.Light,profile
Dragomir Alexandru (X01000727),X01000727,Alexandru.Dragomir@petrom.com,data.Romania,data
Dragomir Raluca (X01026186),X01026186,Raluca.Dragomir@petrom.com,A07.profile.Projectmanager.PET,profile
Dragomir Raluca (X01026186),X01026186,Raluca.Dragomir@petrom.com,data.Romania,data
Drahman Ahmad Nadzri (AHMAD13),AHMAD13,AHMAD13@ww.omv.com,A10.profile.Planning.classic,profile
Drahman Ahmad Nadzri (AHMAD13),AHMAD13,AHMAD13@ww.omv.com,A13.profile.Economics.Classic,profile
Drahman Ahmad Nadzri (AHMAD13),AHMAD13,AHMAD13@ww.omv.com,data.Malaysia,data
Drahman Ahmad Nadzri (AHMAD13),AHMAD13,AHMAD13@ww.omv.com,data.Mexico,data
Drahman Ahmad Nadzri (AHMAD13),AHMAD13,AHMAD13@ww.omv.com,data.Sapura.Australia,data
Drahman Ahmad Nadzri (AHMAD13),AHMAD13,AHMAD13@ww.omv.com,data.Sapura.NewZealand,data
Dukaly Hisham (XDUKALY),XDUKALY,hisham.dukaly@omv.com,A10.profile.Planning.classic,profile
Dukaly Hisham (XDUKALY),XDUKALY,hisham.dukaly@omv.com,A13.profile.Economics.Classic,profile
Dukaly Hisham (XDUKALY),XDUKALY,hisham.dukaly@omv.com,A16.profile.Finance.Classic,profile
Dukaly Hisham (XDUKALY),XDUKALY,hisham.dukaly@omv.com,data.Libya,data
Dumitrache Marius (X01022402),X01022402,Marius.Dumitrache@petrom.com,A16.profile.Finance.Classic,profile
Dumitrache Marius (X01022402),X01022402,Marius.Dumitrache@petrom.com,data.Romania,data
Dumitru Mihaela-Elena (X01010503),X01010503,Mihaela.Dumitru@petrom.com,A16.profile.Finance.Classic,profile
Dumitru Mihaela-Elena (X01010503),X01010503,Mihaela.Dumitru@petrom.com,data.Romania,data
Duque-Ramirez Jose Rafael (JOSE1),JOSE1,Rafael.Duque@omv.com,A08.profile.Projectmanager.Classic,profile
Duque-Ramirez Jose Rafael (JOSE1),JOSE1,Rafael.Duque@omv.com,data.ArabEmirates,data
Duta Gabriela-Georgeta (X01000587),X01000587,Gabriela-Georgeta.Duta@petrom.com,A13.profile.Economics.Classic,profile
Duta Gabriela-Georgeta (X01000587),X01000587,Gabriela-Georgeta.Duta@petrom.com,A14.profile.Economics.Regimes,profile
Duta Gabriela-Georgeta (X01000587),X01000587,Gabriela-Georgeta.Duta@petrom.com,data.Bulgaria,data
Duta Gabriela-Georgeta (X01000587),X01000587,Gabriela-Georgeta.Duta@petrom.com,data.Georgia,data
Duta Gabriela-Georgeta (X01000587),X01000587,Gabriela-Georgeta.Duta@petrom.com,data.Romania,data
Duta Octavian (X01023297),X01023297,Octavian.Duta@petrom.com,A07.profile.Projectmanager.PET,profile
Duta Octavian (X01023297),X01023297,Octavian.Duta@petrom.com,data.Romania,data
Duta Octavian (X01024886),X01024886,Octavian.Duta1@petrom.com,A07.profile.Projectmanager.PET,profile
Duta Octavian (X01024886),X01024886,Octavian.Duta1@petrom.com,data.Romania,data
Dutzler Florian,FLORIAN109,Florian.Dutzler@omv.com,A16.profile.Finance.Classic,profile
Dutzler Florian,FLORIAN109,Florian.Dutzler@omv.com,data.Austria,data
Elliott Michael Thomas (MICHAEL21),MICHAEL21,Michael.Elliott@omv.com,A04.profile.Light,profile
Elliott Michael Thomas (MICHAEL21),MICHAEL21,Michael.Elliott@omv.com,data.Corporate,data
Ellis Susan (SUSAN2),SUSAN2,Susan.Ellis@omv.com,00P2VADMIN,profile
Ellis Susan (SUSAN2),SUSAN2,Susan.Ellis@omv.com,A12.profile.Auditor,profile
Ellis Susan (SUSAN2),SUSAN2,Susan.Ellis@omv.com,A14.profile.Economics.Regimes,profile
Ellis Susan (SUSAN2),SUSAN2,Susan.Ellis@omv.com,A15.profile.Economics.Plus,profile
Ellis Susan (SUSAN2),SUSAN2,Susan.Ellis@omv.com,data.Corporate,data
Ementon Neil Andrew (NEIL08),NEIL08,Neil.Ementon@omv.com,A02.profile.PetroVR,profile
Ementon Neil Andrew (NEIL08),NEIL08,Neil.Ementon@omv.com,A04.profile.Light,profile
Ementon Neil Andrew (NEIL08),NEIL08,Neil.Ementon@omv.com,data.Corporate,data
Ene Elena (X01022657),X01022657,Elena.Ene@petrom.com,A06.profile.Light.Fin.Port,profile
Ene Elena (X01022657),X01022657,Elena.Ene@petrom.com,data.Bulgaria,data
Ene Elena (X01022657),X01022657,Elena.Ene@petrom.com,data.Georgia,data
Ene Elena (X01022657),X01022657,Elena.Ene@petrom.com,data.Romania,data
Etz Mathias (X450761),X450761,Mathias.Etz@omv.com,A16.profile.Finance.Classic,profile
Etz Mathias (X450761),X450761,Mathias.Etz@omv.com,data.Malaysia,data
Etz Mathias (X450761),X450761,Mathias.Etz@omv.com,data.Mexico,data
Etz Mathias (X450761),X450761,Mathias.Etz@omv.com,data.Sapura.Australia,data
Etz Mathias (X450761),X450761,Mathias.Etz@omv.com,data.Sapura.NewZealand,data
Evans Christopher William (CHRISTOPHE26),CHRISTOPHE26,Christopher.Evans@omv.com,A08.profile.Projectmanager.Classic,profile
Evans Christopher William (CHRISTOPHE26),CHRISTOPHE26,Christopher.Evans@omv.com,data.Libya,data
Fallah Mohammad (X903220),X903220,Mohammad.Fallah@omv.com,A02.profile.PetroVR,profile
Fallah Mohammad (X903220),X903220,Mohammad.Fallah@omv.com,A07.profile.Projectmanager.PET,profile
Fallah Mohammad (X903220),X903220,Mohammad.Fallah@omv.com,data.Georgia,data
Fallah Mohammad (X903220),X903220,Mohammad.Fallah@omv.com,data.Romania,data
Farcas Iuliana (X01015981),X01015981,Iuliana.Farcas@petrom.com,A16.profile.Finance.Classic,profile
Farcas Iuliana (X01015981),X01015981,Iuliana.Farcas@petrom.com,data.Romania,data
Fedorov Pavel (RU000076),RU000076,Pavel.Fedorov@omv.com,A20.profile.Reserves.local.QRE,profile
Fedorov Pavel (RU000076),RU000076,Pavel.Fedorov@omv.com,data.Russia,data
Felea Viorel-Theodor (X01008370),X01008370,Viorel.Felea@petrom.com,A07.profile.Projectmanager.PET,profile
Felea Viorel-Theodor (X01008370),X01008370,Viorel.Felea@petrom.com,data.Romania,data
File Daniela Aurelia (X01012158),X01012158,DanielaAurelia.File@petrom.com,A13.profile.Economics.Classic,profile
File Daniela Aurelia (X01012158),X01012158,DanielaAurelia.File@petrom.com,data.Bulgaria,data
File Daniela Aurelia (X01012158),X01012158,DanielaAurelia.File@petrom.com,data.Georgia,data
File Daniela Aurelia (X01012158),X01012158,DanielaAurelia.File@petrom.com,data.Romania,data
Filimon Alexandru (X01023737),X01023737,Alexandru.Filimon@petrom.com,A07.profile.Projectmanager.PET,profile
Filimon Alexandru (X01023737),X01023737,Alexandru.Filimon@petrom.com,data.Romania,data
Filip George-Radu (X01025291),X01025291,GeorgeRadu.Filip@omv.com,A08.profile.Projectmanager.Classic,profile
Filip George-Radu (X01025291),X01025291,GeorgeRadu.Filip@omv.com,data.Corporate,data
Fisher Samuel (XFISHERSA),XFISHERSA,Sam.Fisher@omv.com,A10.profile.Planning.classic,profile
Fisher Samuel (XFISHERSA),XFISHERSA,Sam.Fisher@omv.com,A13.profile.Economics.Classic,profile
Fisher Samuel (XFISHERSA),XFISHERSA,Sam.Fisher@omv.com,data.ArabEmirates,data
Fisher Samuel (XFISHERSA),XFISHERSA,Sam.Fisher@omv.com,data.Australia,data
Fisher Samuel (XFISHERSA),XFISHERSA,Sam.Fisher@omv.com,data.Kurdistan,data
Fisher Samuel (XFISHERSA),XFISHERSA,Sam.Fisher@omv.com,data.NewZealand,data
Fisher Samuel (XFISHERSA),XFISHERSA,Sam.Fisher@omv.com,data.Tunisia,data
Fisher Samuel (XFISHERSA),XFISHERSA,Sam.Fisher@omv.com,data.Yemen,data
Florian Thomas (X451684),X451684,Thomas.Florian@omv.com,A07.profile.Projectmanager.PET,profile
Florian Thomas (X451684),X451684,Thomas.Florian@omv.com,data.Romania,data
Floricica Stan Gheorghita (X01000703),X01000703,Gheorghita.FloricicaStan@petrom.com,A04.profile.Light,profile
Floricica Stan Gheorghita (X01000703),X01000703,Gheorghita.FloricicaStan@petrom.com,data.Romania,data
Forberich Christian (X448916),X448916,Christian.Forberich@omv.com,A08.profile.Projectmanager.Classic,profile
Forberich Christian (X448916),X448916,Christian.Forberich@omv.com,data.Libya,data
Fortelny Andrada Simina (XNEAGUAND),XNEAGUAND,AndradaSimina.Fortelny@omv.com,A10.profile.Planning.classic,profile
Fortelny Andrada Simina (XNEAGUAND),XNEAGUAND,AndradaSimina.Fortelny@omv.com,data.Corporate,data
Frederickson Trevor (TREVOR3),TREVOR3,Trevor.Frederickson@omv.com,A08.profile.Projectmanager.Classic,profile
Frederickson Trevor (TREVOR3),TREVOR3,Trevor.Frederickson@omv.com,data.NewZealand,data
Fredriksen Bjorg (BJORG1),BJORG1,BJORG1@ww.omv.com,A03.profile.CAPDAT,profile
Fredriksen Bjorg (BJORG1),BJORG1,BJORG1@ww.omv.com,data.Corporate,data
Frey Gerhard (X449132),X449132,Gerhard.Frey@omv.com,A08.profile.Projectmanager.Classic,profile
Frey Gerhard (X449132),X449132,Gerhard.Frey@omv.com,data.Libya,data
Frunza Angelica (X01000686),X01000686,Angelica.Frunza@petrom.com,A04.profile.Light,profile
Frunza Angelica (X01000686),X01000686,Angelica.Frunza@petrom.com,data.Romania,data
Gäbler Thomas (X448827),X448827,Thomas.Gaebler@omv.com,A08.profile.Projectmanager.Classic,profile
Gäbler Thomas (X448827),X448827,Thomas.Gaebler@omv.com,data.Austria,data
Galyautdinov Marsel (RU000040),RU000040,Marsel.Galyautdinov@omv.com,A16.profile.Finance.Classic,profile
Galyautdinov Marsel (RU000040),RU000040,Marsel.Galyautdinov@omv.com,data.Russia,data
Gama Cristina (X01005447),X01005447,Cristina.Gama@petrom.com,A04.profile.Light,profile
Gama Cristina (X01005447),X01005447,Cristina.Gama@petrom.com,data.Romania,data
Ganib Hussein (HUSSEIN1),HUSSEIN1,Hussein.Ganib@omv.com,A08.profile.Projectmanager.Classic,profile
Ganib Hussein (HUSSEIN1),HUSSEIN1,Hussein.Ganib@omv.com,data.Libya,data
Garcia Carlos (X451869),X451869,Carlos.Garcia@omv.com,A04.profile.Light,profile
Garcia Carlos (X451869),X451869,Carlos.Garcia@omv.com,data.Romania,data
Garzonio Luca (LUCA09),LUCA09,Luca.Garzonio@omv.com,A08.profile.Projectmanager.Classic,profile
Garzonio Luca (LUCA09),LUCA09,Luca.Garzonio@omv.com,data.Norway,data
Georgescu Oana Crinuta (X01015586),X01015586,OanaCrinuta.Georgescu@petrom.com,A16.profile.Finance.Classic,profile
Georgescu Oana Crinuta (X01015586),X01015586,OanaCrinuta.Georgescu@petrom.com,data.Romania,data
German Michael (MICHAEL164),MICHAEL164,Michael.German@omv.com,A08.profile.Projectmanager.Classic,profile
German Michael (MICHAEL164),MICHAEL164,Michael.German@omv.com,A20.profile.Reserves.local.QRE,profile
German Michael (MICHAEL164),MICHAEL164,Michael.German@omv.com,data.NewZealand,data
Gerstner Alexander (X449282),X449282,Alexander.Gerstner@omv.com,A08.profile.Projectmanager.Classic,profile
Gerstner Alexander (X449282),X449282,Alexander.Gerstner@omv.com,data.Austria,data
Gether Thomas (X450605),X450605,Thomas.Gether@omv.com,A04.profile.Light,profile
Gether Thomas (X450605),X450605,Thomas.Gether@omv.com,data.Corporate,data
Ghergu Andrei (X01022561),X01022561,Andrei.Ghergu@petrom.com,A16.profile.Finance.Classic,profile
Ghergu Andrei (X01022561),X01022561,Andrei.Ghergu@petrom.com,data.Romania,data
Ghetu Octavian-Florin (X01006021),X01006021,OctavianFlorin.Ghetu@omv.com,A07.profile.Projectmanager.PET,profile
Ghetu Octavian-Florin (X01006021),X01006021,OctavianFlorin.Ghetu@omv.com,data.Romania,data
Gieles Thomas Ruben (X452110),X452110,ThomasRuben.Gieles@petrom.com,A07.profile.Projectmanager.PET,profile
Gieles Thomas Ruben (X452110),X452110,ThomasRuben.Gieles@petrom.com,data.Romania,data
Glück Robert (ROBERT20),ROBERT20,Robert.Glueck@omv.com,A08.profile.Projectmanager.Classic,profile
Glück Robert (ROBERT20),ROBERT20,Robert.Glueck@omv.com,data.Yemen,data
Gmoser David (X451547),X451547,David.Gmoser@omv.com,A16.profile.Finance.Classic,profile
Gmoser David (X451547),X451547,David.Gmoser@omv.com,data.ArabEmirates,data
Gmoser David (X451547),X451547,David.Gmoser@omv.com,data.Kurdistan,data
Gnauer Matthias (X450615),X450615,Matthias.Gnauer@omv.com,A06.profile.Light.Fin.Port,profile
Gnauer Matthias (X450615),X450615,Matthias.Gnauer@omv.com,data.Corporate,data
Gonzalez Rojas Jose Maria (X01GONJOS),X01GONJOS,Jose.Gonzalez@petrom.com,A07.profile.Projectmanager.PET,profile
Gonzalez Rojas Jose Maria (X01GONJOS),X01GONJOS,Jose.Gonzalez@petrom.com,data.Romania,data
Gonzalez Uribe German Alonso (X450706),X450706,German.Gonzalez@omv.com,A20.profile.Reserves.local.QRE,profile
Gonzalez Uribe German Alonso (X450706),X450706,German.Gonzalez@omv.com,data.ArabEmirates,data
Gonzalez Uribe German Alonso (X450706),X450706,German.Gonzalez@omv.com,data.Kurdistan,data
Graf Michael (X450358),X450358,Michael.Graf@omv.com,A06.profile.Light.Fin.Port,profile
Graf Michael (X450358),X450358,Michael.Graf@omv.com,data.Bulgaria,data
Graf Michael (X450358),X450358,Michael.Graf@omv.com,data.Georgia,data
Graf Michael (X450358),X450358,Michael.Graf@omv.com,data.Romania,data
Gratzer Oliver (OLIVER3),OLIVER3,Oliver.Gratzer@omv.com,A08.profile.Projectmanager.Classic,profile
Gratzer Oliver (OLIVER3),OLIVER3,Oliver.Gratzer@omv.com,data.Austria,data
Griac Michal (MICHAL29),MICHAL29,Michal.Griac@omv.com,A18.profile.Finance.Plus,profile
Griac Michal (MICHAL29),MICHAL29,Michal.Griac@omv.com,data.Corporate,data
Griffith Eric (ERIC08),ERIC08,Eric.Griffith@external.petrom.com,A04.profile.Light,profile
Griffith Eric (ERIC08),ERIC08,Eric.Griffith@external.petrom.com,data.Romania,data
Grigore-Popa Luminita (X01010501),X01010501,Luminita.GrigorePopa@petrom.com,A04.profile.Light,profile
Grigore-Popa Luminita (X01010501),X01010501,Luminita.GrigorePopa@petrom.com,data.Romania,data
Guibert D Amore Karine (KARINE1),KARINE1,Karine.GuibertDAmore@omv.com,A20.profile.Reserves.local.QRE,profile
Guibert D Amore Karine (KARINE1),KARINE1,Karine.GuibertDAmore@omv.com,data.Norway,data
Hütter Kurt,X450246,Kurt.Huetter@omv.com,A07.profile.Projectmanager.PET,profile
Hütter Kurt,X450246,Kurt.Huetter@omv.com,data.Romania,data
Haaland Pål Marius (XHAALANPA),XHAALANPA,pmhaaland@omv.com,A08.profile.Projectmanager.Classic,profile
Haaland Pål Marius (XHAALANPA),XHAALANPA,pmhaaland@omv.com,data.Norway,data
Haberfehlner Stephanie (STEPHANIE3),STEPHANIE3,Stephanie.Haberfehlner@omv.com,A10.profile.Planning.classic,profile
Haberfehlner Stephanie (STEPHANIE3),STEPHANIE3,Stephanie.Haberfehlner@omv.com,A13.profile.Economics.Classic,profile
Haberfehlner Stephanie (STEPHANIE3),STEPHANIE3,Stephanie.Haberfehlner@omv.com,data.Austria,data
Hafiz Isnami Ahmad Ariff (AHMAD14),AHMAD14,AHMAD14@ww.omv.com,A04.profile.Light,profile
Hafiz Isnami Ahmad Ariff (AHMAD14),AHMAD14,AHMAD14@ww.omv.com,data.Malaysia,data
Hafiz Isnami Ahmad Ariff (AHMAD14),AHMAD14,AHMAD14@ww.omv.com,data.Mexico,data
Hafiz Isnami Ahmad Ariff (AHMAD14),AHMAD14,AHMAD14@ww.omv.com,data.Sapura.Australia,data
Hafiz Isnami Ahmad Ariff (AHMAD14),AHMAD14,AHMAD14@ww.omv.com,data.Sapura.NewZealand,data
Hagedorn Peter (PETER41),PETER41,Peter.Hagedorn@omv.com,A02.profile.PetroVR,profile
Haias Marinela (X01004353),X01004353,Marinela.Haias@petrom.com,A07.profile.Projectmanager.PET,profile
Haias Marinela (X01004353),X01004353,Marinela.Haias@petrom.com,data.Romania,data
Halmer Martina Magdalena (X450946),X450946,Martina.Halmer@omv.com,A04.profile.Light,profile
Halmer Martina Magdalena (X450946),X450946,Martina.Halmer@omv.com,data.Corporate,data
Hamdi Hela (XHAMDI_HE),XHAMDI_HE,Hela.Hamdi@omv.com,A08.profile.Projectmanager.Classic,profile
Hamdi Hela (XHAMDI_HE),XHAMDI_HE,Hela.Hamdi@omv.com,data.Norway,data
Hanafi Hanita (HANITA1),HANITA1,HANITA1@ww.omv.com,A10.profile.Planning.classic,profile
Hanafi Hanita (HANITA1),HANITA1,HANITA1@ww.omv.com,A13.profile.Economics.Classic,profile
Hanafi Hanita (HANITA1),HANITA1,HANITA1@ww.omv.com,data.Malaysia,data
Hanafi Hanita (HANITA1),HANITA1,HANITA1@ww.omv.com,data.Mexico,data
Hanafi Hanita (HANITA1),HANITA1,HANITA1@ww.omv.com,data.Sapura.Australia,data
Hanafi Hanita (HANITA1),HANITA1,HANITA1@ww.omv.com,data.Sapura.NewZealand,data
Hanbali Hisham (HISHAM1),HISHAM1,Hisham.Hanbali@omv.com,A08.profile.Projectmanager.Classic,profile
Hanbali Hisham (HISHAM1),HISHAM1,Hisham.Hanbali@omv.com,data.Austria,data
Harith Farah (FARAH1),FARAH1,FARAH1@ww.omv.com,A10.profile.Planning.classic,profile
Harith Farah (FARAH1),FARAH1,FARAH1@ww.omv.com,A13.profile.Economics.Classic,profile
Harith Farah (FARAH1),FARAH1,FARAH1@ww.omv.com,data.Malaysia,data
Harith Farah (FARAH1),FARAH1,FARAH1@ww.omv.com,data.Mexico,data
Harith Farah (FARAH1),FARAH1,FARAH1@ww.omv.com,data.Sapura.Australia,data
Harith Farah (FARAH1),FARAH1,FARAH1@ww.omv.com,data.Sapura.NewZealand,data
Harrison Antony (XHARRISAN),XHARRISAN,Antony.Harrison@omv.com,A08.profile.Projectmanager.Classic,profile
Harrison Antony (XHARRISAN),XHARRISAN,Antony.Harrison@omv.com,data.NewZealand,data
Hasan Khawaja Basem (XBASEMKH),XBASEMKH,khwajah.basem@omv.com,A10.profile.Planning.classic,profile
Hasan Khawaja Basem (XBASEMKH),XBASEMKH,khwajah.basem@omv.com,A13.profile.Economics.Classic,profile
Hasan Khawaja Basem (XBASEMKH),XBASEMKH,khwajah.basem@omv.com,data.ArabEmirates,data
Hasan Khawaja Basem (XBASEMKH),XBASEMKH,khwajah.basem@omv.com,data.Kurdistan,data
Hasan Khawaja Basem (XBASEMKH),XBASEMKH,khwajah.basem@omv.com,data.Norway,data
Hasan Khawaja Basem (XBASEMKH),XBASEMKH,khwajah.basem@omv.com,data.Yemen,data
Haver Reidar (REIDAR1),REIDAR1,Reidar.Haver@omv.com,A08.profile.Projectmanager.Classic,profile
Haver Reidar (REIDAR1),REIDAR1,Reidar.Haver@omv.com,data.Norway,data
Hendizadeh Hadi (X450133),X450133,Hadi.Hendizadeh@omv.com,A20.profile.Reserves.local.QRE,profile
Hendizadeh Hadi (X450133),X450133,Hadi.Hendizadeh@omv.com,data.ArabEmirates,data
Hercus Sam,XHERCUSSA,Samuel.Hercus@omv.com,A02.profile.PetroVR,profile
Hercus Sam,XHERCUSSA,Samuel.Hercus@omv.com,A04.profile.Light,profile
Hercus Sam,XHERCUSSA,Samuel.Hercus@omv.com,data.Corporate,data
Hlavacek Josef (X450149),X450149,Josef.Hlavacek@omv.com,A15.profile.Economics.Plus,profile
Hlavacek Josef (X450149),X450149,Josef.Hlavacek@omv.com,data.Corporate,data
Ho Ik Sing Francis (X01020712),X01020712,Francis.Ho@omv.com,A08.profile.Projectmanager.Classic,profile
Ho Ik Sing Francis (X01020712),X01020712,Francis.Ho@omv.com,data.ArabEmirates,data
Ho Ik Sing Francis (X01020712),X01020712,Francis.Ho@omv.com,data.Kurdistan,data
Ho Ik Sing Francis (X01020712),X01020712,Francis.Ho@omv.com,data.Yemen,data
Hollerer Andrea (X449596),X449596,Andrea.Hollerer@omv.com,A08.profile.Projectmanager.Classic,profile
Hollerer Andrea (X449596),X449596,Andrea.Hollerer@omv.com,data.Corporate,data
Holmgard Tor Oskar Haukland (TOR001),TOR001,TorOskar.Holmgard@omv.com,A20.profile.Reserves.local.QRE,profile
Holmgard Tor Oskar Haukland (TOR001),TOR001,TorOskar.Holmgard@omv.com,data.Norway,data
Hong Danny Chan Ching (CHAN01),CHAN01,CHAN01@ww.omv.com,A08.profile.Projectmanager.Classic,profile
Hong Danny Chan Ching (CHAN01),CHAN01,CHAN01@ww.omv.com,data.Malaysia,data
Hong Danny Chan Ching (CHAN01),CHAN01,CHAN01@ww.omv.com,data.Mexico,data
Hong Danny Chan Ching (CHAN01),CHAN01,CHAN01@ww.omv.com,data.Sapura.Australia,data
Hong Danny Chan Ching (CHAN01),CHAN01,CHAN01@ww.omv.com,data.Sapura.NewZealand,data
Hubbig Martin (MARTIN26),MARTIN26,Martin.Hubbig@omv.com,A05.profile.Light.reserves,profile
Hubbig Martin (MARTIN26),MARTIN26,Martin.Hubbig@omv.com,data.Corporate,data
Huber Stephanie (X450894),X450894,Stephanie.Huber@petrom.com,A07.profile.Projectmanager.PET,profile
Huber Stephanie (X450894),X450894,Stephanie.Huber@petrom.com,data.Romania,data
Hussain Fida (XHUSSAIFI),XHUSSAIFI,Fida.Hussain@omv.com,A14.profile.Economics.Regimes,profile
Hussain Fida (XHUSSAIFI),XHUSSAIFI,Fida.Hussain@omv.com,A15.profile.Economics.Plus,profile
Hussain Fida (XHUSSAIFI),XHUSSAIFI,Fida.Hussain@omv.com,data.Corporate,data
Hutchinson Bex (BEX001),BEX001,Bex.Hutchinson@omv.com,A16.profile.Finance.Classic,profile
Hutchinson Bex (BEX001),BEX001,Bex.Hutchinson@omv.com,data.Australia,data
Hutchinson Bex (BEX001),BEX001,Bex.Hutchinson@omv.com,data.NewZealand,data
Icatoiu Gabriela (X01002577),X01002577,Gabriela.Icatoiu@petrom.com,A07.profile.Projectmanager.PET,profile
Icatoiu Gabriela (X01002577),X01002577,Gabriela.Icatoiu@petrom.com,data.Romania,data
Inoun Serajeddin Mohamed (XINOUN),XINOUN,Serajeddin.Inoun@omv.com,A08.profile.Projectmanager.Classic,profile
Inoun Serajeddin Mohamed (XINOUN),XINOUN,Serajeddin.Inoun@omv.com,data.Libya,data
Ionescu Gabriel-Liviu (X01000927),X01000927,Gabriel.Ionescu@omv.com,A08.profile.Projectmanager.Classic,profile
Ionescu Gabriel-Liviu (X01000927),X01000927,Gabriel.Ionescu@omv.com,data.Libya,data
Ionescu Viorel (X01004087),X01004087,Viorel.Ionescu1@petrom.com,A04.profile.Light,profile
Ionescu Viorel (X01004087),X01004087,Viorel.Ionescu1@petrom.com,data.Romania,data
Ionita Nicolae (X01007275),X01007275,Nicolae.Ionita@petrom.com,A04.profile.Light,profile
Ionita Nicolae (X01007275),X01007275,Nicolae.Ionita@petrom.com,data.Romania,data
Iordache Valentin (X01000538),X01000538,Valentin.Iordache@petrom.com,A04.profile.Light,profile
Iordache Valentin (X01000538),X01000538,Valentin.Iordache@petrom.com,data.Romania,data
Iosif Emil-Eugen (X01005899),X01005899,Emil_Eugen.Iosif@petrom.com,A04.profile.Light,profile
Iosif Emil-Eugen (X01005899),X01005899,Emil_Eugen.Iosif@petrom.com,data.Romania,data
Ivan Liliana-Ionica (X01015881),X01015881,Liliana-Ionica.Ivan@Petrom.Com,A16.profile.Finance.Classic,profile
Ivan Liliana-Ionica (X01015881),X01015881,Liliana-Ionica.Ivan@Petrom.Com,data.Romania,data
Ivanciu Adrian-Mihail (ADRIAN75),ADRIAN75,AdrianMihail.Ivanciu@petrom.com,00P2VADMIN,profile
Ivanciu Adrian-Mihail (ADRIAN75),ADRIAN75,AdrianMihail.Ivanciu@petrom.com,data.Corporate,data
Jacobs Bas (X449381),X449381,Bas.Jacobs@omv.com,A04.profile.Light,profile
Jacobs Bas (X449381),X449381,Bas.Jacobs@omv.com,data.Corporate,data
Jafari Gol Farzad (FARZAD1),FARZAD1,Farzad.JafariGol@omv.com,A04.profile.Light,profile
Jafari Gol Farzad (FARZAD1),FARZAD1,Farzad.JafariGol@omv.com,data.ArabEmirates,data
Jafari Gol Farzad (FARZAD1),FARZAD1,Farzad.JafariGol@omv.com,data.Kurdistan,data
Jafari Gol Farzad (FARZAD1),FARZAD1,Farzad.JafariGol@omv.com,data.Tunisia,data
Jafari Gol Farzad (FARZAD1),FARZAD1,Farzad.JafariGol@omv.com,data.Yemen,data
Janiczek Peter (X451740),X451740,Peter.Janiczek@petrom.com,A07.profile.Projectmanager.PET,profile
Janiczek Peter (X451740),X451740,Peter.Janiczek@petrom.com,data.Romania,data
Jipa Radu-Ionut (X01023752),X01023752,Radu.Jipa@omv.com,A07.profile.Projectmanager.PET,profile
Jipa Radu-Ionut (X01023752),X01023752,Radu.Jipa@omv.com,data.Romania,data
Juravle Marica (X01006951),X01006951,Marica.Juravle@petrom.com,A04.profile.Light,profile
Juravle Marica (X01006951),X01006951,Marica.Juravle@petrom.com,data.Bulgaria,data
Juravle Marica (X01006951),X01006951,Marica.Juravle@petrom.com,data.Georgia,data
Juravle Marica (X01006951),X01006951,Marica.Juravle@petrom.com,data.Romania,data
Kalas Rade (RADE01),RADE01,Rade.Kalas@omv.com,A10.profile.Planning.classic,profile
Kalas Rade (RADE01),RADE01,Rade.Kalas@omv.com,A13.profile.Economics.Classic,profile
Kalas Rade (RADE01),RADE01,Rade.Kalas@omv.com,A16.profile.Finance.Classic,profile
Kalas Rade (RADE01),RADE01,Rade.Kalas@omv.com,A17.profile.Finance.Regimes,profile
Kalas Rade (RADE01),RADE01,Rade.Kalas@omv.com,data.OMVEP,data
Kalas Rade (RADE01),RADE01,Rade.Kalas@omv.com,data.Russia,data
Kashiwagi Yu (YU0003),YU0003,YU0003@ww.omv.com,A08.profile.Projectmanager.Classic,profile
Kashiwagi Yu (YU0003),YU0003,YU0003@ww.omv.com,data.Malaysia,data
Kassim Hazlinawaty (HAZLINAWATY1),HAZLINAWATY1,HAZLINAWATY1@ww.omv.com,A08.profile.Projectmanager.Classic,profile
Kassim Hazlinawaty (HAZLINAWATY1),HAZLINAWATY1,HAZLINAWATY1@ww.omv.com,data.Malaysia,data
Kebaier Dorsaf (DORSAF1),DORSAF1,Dorsaf.Kebaier@omv.com,A08.profile.Projectmanager.Classic,profile
Kebaier Dorsaf (DORSAF1),DORSAF1,Dorsaf.Kebaier@omv.com,data.Tunisia,data
Khalfallah Fatma (XKHALFALLAH),XKHALFALLAH,fatma.khalfallah@omv.com,A02.profile.PetroVR,profile
Khalfallah Fatma (XKHALFALLAH),XKHALFALLAH,fatma.khalfallah@omv.com,A20.profile.Reserves.local.QRE,profile
Khalfallah Fatma (XKHALFALLAH),XKHALFALLAH,fatma.khalfallah@omv.com,data.Libya,data
Khalifa Mohammad (X01022534),X01022534,Mohammad.Khalifa@petrom.com,A04.profile.Light,profile
Khalifa Mohammad (X01022534),X01022534,Mohammad.Khalifa@petrom.com,data.ArabEmirates,data
Khalifa Mohammad (X01022534),X01022534,Mohammad.Khalifa@petrom.com,data.Kurdistan,data
Khalifa Mohammad (X01022534),X01022534,Mohammad.Khalifa@petrom.com,data.Tunisia,data
Khalifa Mohammad (X01022534),X01022534,Mohammad.Khalifa@petrom.com,data.Yemen,data
Khan Muhammad Arsalan (X01026816),X01026816,Arsalan.Khan@omv.com,A08.profile.Projectmanager.Classic,profile
Khan Muhammad Arsalan (X01026816),X01026816,Arsalan.Khan@omv.com,data.ArabEmirates,data
Kirchgasser Christine (X452077),X452077,Christine.Kirchgasser@omv.com,A16.profile.Finance.Classic,profile
Kirchgasser Christine (X452077),X452077,Christine.Kirchgasser@omv.com,data.Norway,data
Kirchgasser Christine (X452077),X452077,Christine.Kirchgasser@omv.com,data.Russia,data
Knauhs Philipp (PHILIPP30),PHILIPP30,Philipp.Knauhs@omv.com,A11.profile.Planning.Plus,profile
Knauhs Philipp (PHILIPP30),PHILIPP30,Philipp.Knauhs@omv.com,A12.profile.Auditor,profile
Knauhs Philipp (PHILIPP30),PHILIPP30,Philipp.Knauhs@omv.com,data.Corporate,data
Köhazy Robert (X011458),X011458,Robert.Koehazy@omv.com,A24.profile.Exploration.Assurance,profile
Köhazy Robert (X011458),X011458,Robert.Koehazy@omv.com,A25.profile.Exploration.OA.Admin,profile
Köhazy Robert (X011458),X011458,Robert.Koehazy@omv.com,data.Corporate,data
Köhler Maik (KOEHLEMA),KOEHLEMA,Maik.Koehler@omv.com,A04.profile.Light,profile
Köhler Maik (KOEHLEMA),KOEHLEMA,Maik.Koehler@omv.com,data.Corporate,data
Köksal Özge Aygerim (X012773),X012773,Ozge.Koksal@omv.com,A16.profile.Finance.Classic,profile
Köksal Özge Aygerim (X012773),X012773,Ozge.Koksal@omv.com,data.Austria,data
Kooli Imen (IMEN1),IMEN1,Imen.Kooli@omv.com,A08.profile.Projectmanager.Classic,profile
Kooli Imen (IMEN1),IMEN1,Imen.Kooli@omv.com,data.Tunisia,data
Kornberger Martin (X449638),X449638,Martin.Kornberger@omv.com,A04.profile.Light,profile
Kornberger Martin (X449638),X449638,Martin.Kornberger@omv.com,data.Romania,data
Kostner Albert (X439364),X439364,Albert.Kostner@omv.com,A04.profile.Light,profile
Kostner Albert (X439364),X439364,Albert.Kostner@omv.com,data.Corporate,data
Kovacs Daniel Alexander (DANIEL63),DANIEL63,DanielAlexander.Kovacs@omv.com,A09.profile.Projectmanager.LCB,profile
Kovacs Daniel Alexander (DANIEL63),DANIEL63,DanielAlexander.Kovacs@omv.com,data.Corporate,data
Krcmarik Vladimir (X01026769),X01026769,Vladimir.Krcmarik@omv.com,A04.profile.Light,profile
Krcmarik Vladimir (X01026769),X01026769,Vladimir.Krcmarik@omv.com,data.Russia,data
Krezsek Csaba (X01KRECSA),X01KRECSA,Csaba.Krezsek@petrom.com,A07.profile.Projectmanager.PET,profile
Krezsek Csaba (X01KRECSA),X01KRECSA,Csaba.Krezsek@petrom.com,data.Romania,data
Krogh Morten (MORTEN2),MORTEN2,Morten.Krogh@omv.com,A08.profile.Projectmanager.Classic,profile
Krogh Morten (MORTEN2),MORTEN2,Morten.Krogh@omv.com,data.Norway,data
Krois Peter (X427542),X427542,Peter.Krois@omv.com,A04.profile.Light,profile
Krois Peter (X427542),X427542,Peter.Krois@omv.com,data.Corporate,data
Kruger André,ANDRE11,Andre.Kruger@omv.com,A16.profile.Finance.Classic,profile
Kruger André,ANDRE11,Andre.Kruger@omv.com,data.Norway,data
Kucher Friedrich (X425728),X425728,Friedrich.Kucher@omv.com,A02.profile.PetroVR,profile
Kufner Martin (X449222),X449222,martin.kufner@omv.com,00P2VADMIN,profile
Kufner Martin (X449222),X449222,martin.kufner@omv.com,data.Corporate,data
Kümmel Georg (X451331),X451331,Georg.Kuemmel@omv.com,A08.profile.Projectmanager.Classic,profile
Kümmel Georg (X451331),X451331,Georg.Kuemmel@omv.com,data.Libya,data
Kunaver Daniel (X450017),X450017,Daniel.Kunaver@omv.com,A08.profile.Projectmanager.Classic,profile
Kunaver Daniel (X450017),X450017,Daniel.Kunaver@omv.com,data.Libya,data
Kwon Richard (RICHARD31),RICHARD31,Richard.Kwon@omv.com,A19.profile.Portfolio.Classic,profile
Kwon Richard (RICHARD31),RICHARD31,Richard.Kwon@omv.com,data.Corporate,data
Laing Julian Edward (JULIAN18),JULIAN18,JulianEdward.Laing@omv.com,A04.profile.Light,profile
Laing Julian Edward (JULIAN18),JULIAN18,JulianEdward.Laing@omv.com,data.Corporate,data
Ledoux Tony (TONY09),TONY09,TONY09@ww.omv.com,A08.profile.Projectmanager.Classic,profile
Ledoux Tony (TONY09),TONY09,TONY09@ww.omv.com,data.Malaysia,data
Leitner Manfred (MANFRED5),MANFRED5,Manfred.Leitner1@omv.com,A20.profile.Reserves.local.QRE,profile
Leitner Manfred (MANFRED5),MANFRED5,Manfred.Leitner1@omv.com,data.Austria,data
List David (DAVID77),DAVID77,David.List@omv.com,A08.profile.Projectmanager.Classic,profile
List David (DAVID77),DAVID77,David.List@omv.com,data.Austria,data
Lobodan Dan (X01001298),X01001298,Dan.Lobodan@petrom.com,A07.profile.Projectmanager.PET,profile
Lobodan Dan (X01001298),X01001298,Dan.Lobodan@petrom.com,data.Romania,data
Loidl Benjamin (X452233),X452233,Benjamin.Loidl@omv.com,A19.profile.Portfolio.Classic,profile
Loidl Benjamin (X452233),X452233,Benjamin.Loidl@omv.com,data.Corporate,data
Lovett Tam (X903365),X903365,Tam.Lovett@omv.com,A02.profile.PetroVR,profile
Lovett Tam (X903365),X903365,Tam.Lovett@omv.com,A04.profile.Light,profile
Lovett Tam (X903365),X903365,Tam.Lovett@omv.com,data.Corporate,data
Lupu Elena (X01012359),X01012359,Elena.Lupu@petrom.com,A06.profile.Light.Fin.Port,profile
Lupu Elena (X01012359),X01012359,Elena.Lupu@petrom.com,data.Bulgaria,data
Lupu Elena (X01012359),X01012359,Elena.Lupu@petrom.com,data.Georgia,data
Lupu Elena (X01012359),X01012359,Elena.Lupu@petrom.com,data.Romania,data
Mahfoudhi Kheireddine (XMAHFOUKH),XMAHFOUKH,Kheireddine.Mahfoudhi@omv.com,A08.profile.Projectmanager.Classic,profile
Mahfoudhi Kheireddine (XMAHFOUKH),XMAHFOUKH,Kheireddine.Mahfoudhi@omv.com,data.Tunisia,data
Majeth Nasarene Majeth (NASARENE1),NASARENE1,NASARENE1@ww.omv.com,A20.profile.Reserves.local.QRE,profile
Majeth Nasarene Majeth (NASARENE1),NASARENE1,NASARENE1@ww.omv.com,data.Malaysia,data
Majeth Nasarene Majeth (NASARENE1),NASARENE1,NASARENE1@ww.omv.com,data.Mexico,data
Majeth Nasarene Majeth (NASARENE1),NASARENE1,NASARENE1@ww.omv.com,data.Sapura.Australia,data
Majeth Nasarene Majeth (NASARENE1),NASARENE1,NASARENE1@ww.omv.com,data.Sapura.NewZealand,data
Maknine Yosri (XMAKNINYO),XMAKNINYO,Yosri.Maknine@omv.com,A06.profile.Light.Fin.Port,profile
Maknine Yosri (XMAKNINYO),XMAKNINYO,Yosri.Maknine@omv.com,data.ArabEmirates,data
Maknine Yosri (XMAKNINYO),XMAKNINYO,Yosri.Maknine@omv.com,data.Corporate,data
Maknine Yosri (XMAKNINYO),XMAKNINYO,Yosri.Maknine@omv.com,data.Kurdistan,data
Maknine Yosri (XMAKNINYO),XMAKNINYO,Yosri.Maknine@omv.com,data.Yemen,data
Malin Razvan (X903143),X903143,Razvan.Malin@petrom.com,A16.profile.Finance.Classic,profile
Malin Razvan (X903143),X903143,Razvan.Malin@petrom.com,data.Bulgaria,data
Malin Razvan (X903143),X903143,Razvan.Malin@petrom.com,data.Georgia,data
Malin Razvan (X903143),X903143,Razvan.Malin@petrom.com,data.Romania,data
Mallinson Ian (IAN006),IAN006,Ian.Mallinson@omv.com,A08.profile.Projectmanager.Classic,profile
Mallinson Ian (IAN006),IAN006,Ian.Mallinson@omv.com,data.Corporate,data
Man Silviu (X01009245),X01009245,Silviu.Man@petrom.com,A07.profile.Projectmanager.PET,profile
Man Silviu (X01009245),X01009245,Silviu.Man@petrom.com,data.Romania,data
Mandl Johannes (X450654),X450654,Johannes.Mandl@omv.com,A08.profile.Projectmanager.Classic,profile
Mandl Johannes (X450654),X450654,Johannes.Mandl@omv.com,data.Libya,data
Manning Philip (PHILIP15),PHILIP15,Philip.Manning@omv.com,A07.profile.Projectmanager.PET,profile
Manning Philip (PHILIP15),PHILIP15,Philip.Manning@omv.com,data.Romania,data
Manta Andrea-Gabriela (X01001941),X01001941,Andreea.Manta@petrom.com,A16.profile.Finance.Classic,profile
Manta Andrea-Gabriela (X01001941),X01001941,Andreea.Manta@petrom.com,data.Romania,data
Marta Amaro Catarina (CATARINA1),CATARINA1,Catarina.MartaAmaro@omv.com,A02.profile.PetroVR,profile
Martinus Gabriela (GABRIELA43),GABRIELA43,Gabriela.Martinus@omv.com,A18.profile.Finance.Plus,profile
Martinus Gabriela (GABRIELA43),GABRIELA43,Gabriela.Martinus@omv.com,data.Corporate,data
Martynov Sergei (X451222),X451222,Sergei.Martynov@omv.com,A03.profile.CAPDAT,profile
Martynov Sergei (X451222),X451222,Sergei.Martynov@omv.com,A04.profile.Light,profile
Martynov Sergei (X451222),X451222,Sergei.Martynov@omv.com,data.Corporate,data
Massl Stefan (X451056),X451056,Stefan.Massl@omv.com,A08.profile.Projectmanager.Classic,profile
Massl Stefan (X451056),X451056,Stefan.Massl@omv.com,data.Austria,data
Matei Elena (X01014962),X01014962,Elena.Matei4@petrom.com,A13.profile.Economics.Classic,profile
Matei Elena (X01014962),X01014962,Elena.Matei4@petrom.com,data.Romania,data
Matis Cristina (CRISTINA76),CRISTINA76,Cristina.Matis@petrom.com,A16.profile.Finance.Classic,profile
Matis Cristina (CRISTINA76),CRISTINA76,Cristina.Matis@petrom.com,data.Romania,data
Mayer Jan (JAN013),JAN013,Jan.Mayer@omv.com,A19.profile.Portfolio.Classic,profile
Mayer Jan (JAN013),JAN013,Jan.Mayer@omv.com,data.Corporate,data
McLeod Neil Thomas (NEIL06),NEIL06,NeilThomas.McLeod@omv.com,A04.profile.Light,profile
McLeod Neil Thomas (NEIL06),NEIL06,NeilThomas.McLeod@omv.com,data.Corporate,data
Mehes Stefan (X01014441),X01014441,Stefan.Mehes1@petrom.com,A16.profile.Finance.Classic,profile
Mehes Stefan (X01014441),X01014441,Stefan.Mehes1@petrom.com,data.Romania,data
Melgaard Thomas (THOMAS15),THOMAS15,Thomas.Melgaard@omv.com,A08.profile.Projectmanager.Classic,profile
Melgaard Thomas (THOMAS15),THOMAS15,Thomas.Melgaard@omv.com,data.Norway,data
Melnikova Ekaterina (EKATERINA3),EKATERINA3,Ekaterina.Melnikova@omv.com,A04.profile.Light,profile
Melnikova Ekaterina (EKATERINA3),EKATERINA3,Ekaterina.Melnikova@omv.com,data.Russia,data
Michielsen Bastiaan Hendrikus (BASTIAAN2),BASTIAAN2,BastiaanHendrikus.Michielsen@omv.com,A08.profile.Projectmanager.Classic,profile
Michielsen Bastiaan Hendrikus (BASTIAAN2),BASTIAAN2,BastiaanHendrikus.Michielsen@omv.com,data.Corporate,data
Michielsen Bastiaan Hendrikus (BASTIAAN2),BASTIAAN2,BastiaanHendrikus.Michielsen@omv.com,data.Norway,data
Micu Alina (X01003512),X01003512,Alina.Micu@petrom.com,A16.profile.Finance.Classic,profile
Micu Alina (X01003512),X01003512,Alina.Micu@petrom.com,data.Romania,data
Mihai Maria Camelia (X01015872),X01015872,CameliaMaria.Mihai@petrom.com,A16.profile.Finance.Classic,profile
Mihai Maria Camelia (X01015872),X01015872,CameliaMaria.Mihai@petrom.com,data.Romania,data
Mihalcea Constantin (X01005384),X01005384,Constantin.Mihalcea@petrom.com,A07.profile.Projectmanager.PET,profile
Mihalcea Constantin (X01005384),X01005384,Constantin.Mihalcea@petrom.com,data.Romania,data
Mihalcea Tania (X01001196),X01001196,Tania.Mihalcea@Petrom.Com,A07.profile.Projectmanager.PET,profile
Mihalcea Tania (X01001196),X01001196,Tania.Mihalcea@Petrom.Com,data.Romania,data
Mitterlehner Paul (X451207),X451207,Paul.Mitterlehner@omv.com,A18.profile.Finance.Plus,profile
Mitterlehner Paul (X451207),X451207,Paul.Mitterlehner@omv.com,data.Austria,data
Mitterlehner Paul (X451207),X451207,Paul.Mitterlehner@omv.com,data.Corporate,data
Miu Iulian (X01015990),X01015990,Iulian.Miu@petrom.com,A16.profile.Finance.Classic,profile
Miu Iulian (X01015990),X01015990,Iulian.Miu@petrom.com,data.Romania,data
Moaganasundram Samyukutha (SAMYUKUTHA1),SAMYUKUTHA1,SAMYUKUTHA1@ww.omv.com,A10.profile.Planning.classic,profile
Moaganasundram Samyukutha (SAMYUKUTHA1),SAMYUKUTHA1,SAMYUKUTHA1@ww.omv.com,A13.profile.Economics.Classic,profile
Moaganasundram Samyukutha (SAMYUKUTHA1),SAMYUKUTHA1,SAMYUKUTHA1@ww.omv.com,data.Malaysia,data
Moaganasundram Samyukutha (SAMYUKUTHA1),SAMYUKUTHA1,SAMYUKUTHA1@ww.omv.com,data.Mexico,data
Moaganasundram Samyukutha (SAMYUKUTHA1),SAMYUKUTHA1,SAMYUKUTHA1@ww.omv.com,data.Sapura.Australia,data
Moaganasundram Samyukutha (SAMYUKUTHA1),SAMYUKUTHA1,SAMYUKUTHA1@ww.omv.com,data.Sapura.NewZealand,data
Mogosanu Tabita (X01015875),X01015875,Tabita.Mogosanu@petrom.com,A16.profile.Finance.Classic,profile
Mogosanu Tabita (X01015875),X01015875,Tabita.Mogosanu@petrom.com,data.Romania,data
Mohamed Assaid Ali (XASSAID),XASSAID,Ali.Assaid@omv.com,A16.profile.Finance.Classic,profile
Mohamed Assaid Ali (XASSAID),XASSAID,Ali.Assaid@omv.com,data.Libya,data
Mohd Al Johari Siti Nadiha (SITI08),SITI08,SITI08@ww.omv.com,A16.profile.Finance.Classic,profile
Mohd Al Johari Siti Nadiha (SITI08),SITI08,SITI08@ww.omv.com,data.Malaysia,data
Mohd Al Johari Siti Nadiha (SITI08),SITI08,SITI08@ww.omv.com,data.Mexico,data
Mohd Al Johari Siti Nadiha (SITI08),SITI08,SITI08@ww.omv.com,data.Sapura.Australia,data
Mohd Al Johari Siti Nadiha (SITI08),SITI08,SITI08@ww.omv.com,data.Sapura.NewZealand,data
Mohd Karim Ashaary Razmy (ASHAARY1),ASHAARY1,ASHAARY1@ww.omv.com,A10.profile.Planning.classic,profile
Mohd Karim Ashaary Razmy (ASHAARY1),ASHAARY1,ASHAARY1@ww.omv.com,A13.profile.Economics.Classic,profile
Mohd Karim Ashaary Razmy (ASHAARY1),ASHAARY1,ASHAARY1@ww.omv.com,data.Malaysia,data
Mohiddin Shaik Khaja (SHAIK1),SHAIK1,ShaikKhaja.Mohiddin@omv.com,A08.profile.Projectmanager.Classic,profile
Mohiddin Shaik Khaja (SHAIK1),SHAIK1,ShaikKhaja.Mohiddin@omv.com,data.ArabEmirates,data
Mohiddin Shaik Khaja (SHAIK1),SHAIK1,ShaikKhaja.Mohiddin@omv.com,data.Kurdistan,data
Moise Adriana Venera (X01015991),X01015991,AdrianaVenera.Moise@petrom.com,A16.profile.Finance.Classic,profile
Moise Adriana Venera (X01015991),X01015991,AdrianaVenera.Moise@petrom.com,data.Romania,data
Mujescu Nicoleta (X01016018),X01016018,Nicoleta.Mujescu@petrom.com,A16.profile.Finance.Classic,profile
Mujescu Nicoleta (X01016018),X01016018,Nicoleta.Mujescu@petrom.com,data.Romania,data
Mumtaz Muhammad Ajmal (XMUMTAZMU),XMUMTAZMU,ajmal.mumtaz@omv.com,A08.profile.Projectmanager.Classic,profile
Mumtaz Muhammad Ajmal (XMUMTAZMU),XMUMTAZMU,ajmal.mumtaz@omv.com,data.ArabEmirates,data
Mumtaz Muhammad Ajmal (XMUMTAZMU),XMUMTAZMU,ajmal.mumtaz@omv.com,data.Kurdistan,data
Murphy Andrew (ANDREW37),ANDREW37,Andrew.Murphy@omv.com,A08.profile.Projectmanager.Classic,profile
Murphy Andrew (ANDREW37),ANDREW37,Andrew.Murphy@omv.com,data.NewZealand,data
Nastase Petruta Lorena (X01001141),X01001141,Petruta.Nastase@petrom.com,A16.profile.Finance.Classic,profile
Nastase Petruta Lorena (X01001141),X01001141,Petruta.Nastase@petrom.com,data.Romania,data
Nastase Teodor-Vladut (X01022484),X01022484,Teodor_Vladut.Nastase@petrom.com,A16.profile.Finance.Classic,profile
Nastase Teodor-Vladut (X01022484),X01022484,Teodor_Vladut.Nastase@petrom.com,data.Romania,data
Neacsu Petrisor (X01025154),X01025154,Petrisor.Neacsu@petrom.com,A04.profile.Light,profile
Neacsu Petrisor (X01025154),X01025154,Petrisor.Neacsu@petrom.com,data.Romania,data
Nedea Gheorghe (X01006195),X01006195,Gheorghe.Nedea@petrom.com,A04.profile.Light,profile
Nedea Gheorghe (X01006195),X01006195,Gheorghe.Nedea@petrom.com,data.Romania,data
Neff Pascale (X450712),X450712,Pascale.Neff@omv.com,00P2VADMIN,profile
Neff Pascale (X450712),X450712,Pascale.Neff@omv.com,A12.profile.Auditor,profile
Neff Pascale (X450712),X450712,Pascale.Neff@omv.com,A14.profile.Economics.Regimes,profile
Neff Pascale (X450712),X450712,Pascale.Neff@omv.com,A15.profile.Economics.Plus,profile
Neff Pascale (X450712),X450712,Pascale.Neff@omv.com,data.Corporate,data
Neubauer Elisabeth (ELISABETH10),ELISABETH10,Elisabeth.Neubauer@omv.com,A06.profile.Light.Fin.Port,profile
Neubauer Elisabeth (ELISABETH10),ELISABETH10,Elisabeth.Neubauer@omv.com,data.Corporate,data
Nicolaescu Daniela-Cristina (DANIELA34),DANIELA34,DanielaCristina.Nicolaescu@petrom.com,A16.profile.Finance.Classic,profile
Nicolaescu Daniela-Cristina (DANIELA34),DANIELA34,DanielaCristina.Nicolaescu@petrom.com,data.Bulgaria,data
Nicolaescu Daniela-Cristina (DANIELA34),DANIELA34,DanielaCristina.Nicolaescu@petrom.com,data.Georgia,data
Nicolaescu Daniela-Cristina (DANIELA34),DANIELA34,DanielaCristina.Nicolaescu@petrom.com,data.Romania,data
Nicolaescu Radu (X01007539),X01007539,Radu.Nicolaescu@petrom.com,data.Romania,data
Nicolaescu Radu (X01007539),X01007539,Radu.Nicolaescu@petrom.com,A04.profile.Light,profile
Nita Oana-Mioara (OANA27),OANA27,OanaMioara.Nita@petrom.com,data.Bulgaria,data
Nita Oana-Mioara (OANA27),OANA27,OanaMioara.Nita@petrom.com,data.Georgia,data
Nita Oana-Mioara (OANA27),OANA27,OanaMioara.Nita@petrom.com,data.Romania,data
Nita Oana-Mioara (OANA27),OANA27,OanaMioara.Nita@petrom.com,A10.profile.Planning.classic,profile
Noe-Nordberg Florian (X450695),X450695,Florian.Noe-Nordberg@omv.com,A08.profile.Projectmanager.Classic,profile
Noe-Nordberg Florian (X450695),X450695,Florian.Noe-Nordberg@omv.com,data.NewZealand,data
Norocea Gheorghe-Ovidiu (X01007370),X01007370,Ovidiu.Norocea@petrom.com,A04.profile.Light,profile
Norocea Gheorghe-Ovidiu (X01007370),X01007370,Ovidiu.Norocea@petrom.com,data.Romania,data
Northover Ross (X451775),X451775,Ross.Northover@omv.com,A04.profile.Light,profile
Northover Ross (X451775),X451775,Ross.Northover@omv.com,data.Corporate,data
Nüsslein Markus (X450313),X450313,markus.nuesslein@omv.com,A19.profile.Portfolio.Classic,profile
Nüsslein Markus (X450313),X450313,markus.nuesslein@omv.com,data.Corporate,data
Obiacoro Maricel (MARICEL10),MARICEL10,Maricel.Obiacoro@omv.com,A16.profile.Finance.Classic,profile
Obiacoro Maricel (MARICEL10),MARICEL10,Maricel.Obiacoro@omv.com,data.Norway,data
Obreajan Mihai (X01000954),X01000954,Mihai.Obreajan@petrom.com,A20.profile.Reserves.local.QRE,profile
Obreajan Mihai (X01000954),X01000954,Mihai.Obreajan@petrom.com,data.Romania,data
Otto Volker (X449571),X449571,Volker.Otto@omv.com,A08.profile.Projectmanager.Classic,profile
Otto Volker (X449571),X449571,Volker.Otto@omv.com,data.Austria,data
Palistan Maria Adriana (X01015869),X01015869,MariaAdriana.Palistan@petrom.com,A16.profile.Finance.Classic,profile
Palistan Maria Adriana (X01015869),X01015869,MariaAdriana.Palistan@petrom.com,data.Romania,data
Pallesen Abbie (ABBIE1),ABBIE1,Abbie.Pallesen@external.omv.com,data.NewZealand,data
Pallesen Abbie (ABBIE1),ABBIE1,Abbie.Pallesen@external.omv.com,A16.profile.Finance.Classic,profile
Panait Emil-Gheorghe (X01020120),X01020120,Emil.Panait@petrom.com,A07.profile.Projectmanager.PET,profile
Panait Emil-Gheorghe (X01020120),X01020120,Emil.Panait@petrom.com,data.Romania,data
Panduru Anton-Cristian (X01024026),X01024026,Anton.Panduru@petrom.com,data.Romania,data
Panduru Anton-Cristian (X01024026),X01024026,Anton.Panduru@petrom.com,A07.profile.Projectmanager.PET,profile
Pantazescu Cosmin-Ionut (X01022598),X01022598,Cosmin_Ionut.Pantazescu@petrom.com,A04.profile.Light,profile
Pantazescu Cosmin-Ionut (X01022598),X01022598,Cosmin_Ionut.Pantazescu@petrom.com,data.Libya,data
Pascale Tudor-Mihai (X01026833),X01026833,TudorMihai.Pascale@petrom.com,A16.profile.Finance.Classic,profile
Pascale Tudor-Mihai (X01026833),X01026833,TudorMihai.Pascale@petrom.com,data.Romania,data
Paslariu Claudia (X01026255),X01026255,Claudia.Paslariu@petrom.com,A07.profile.Projectmanager.PET,profile
Paslariu Claudia (X01026255),X01026255,Claudia.Paslariu@petrom.com,data.Romania,data
Paul Jan (X449344),X449344,Jan.Paul@omv.com,A08.profile.Projectmanager.Classic,profile
Paul Jan (X449344),X449344,Jan.Paul@omv.com,data.Russia,data
Pavel Laurentiu (X01006617),X01006617,Laurentiu.Pavel@petrom.com,A07.profile.Projectmanager.PET,profile
Pavel Laurentiu (X01006617),X01006617,Laurentiu.Pavel@petrom.com,data.Romania,data
Pencea Aurelian (X01000580),X01000580,Aurelian.Pencea@petrom.com,A10.profile.Planning.classic,profile
Pencea Aurelian (X01000580),X01000580,Aurelian.Pencea@petrom.com,data.Bulgaria,data
Pencea Aurelian (X01000580),X01000580,Aurelian.Pencea@petrom.com,data.Georgia,data
Pencea Aurelian (X01000580),X01000580,Aurelian.Pencea@petrom.com,data.Romania,data
Pertl Maria (X449156),X449156,Maria.Pertl@omv.com,A18.profile.Finance.Plus,profile
Pertl Maria (X449156),X449156,Maria.Pertl@omv.com,data.Corporate,data
Petrache Gabriel (X01001165),X01001165,Gabriel.Petrache@petrom.com,A07.profile.Projectmanager.PET,profile
Petrache Gabriel (X01001165),X01001165,Gabriel.Petrache@petrom.com,data.Romania,data
Pfneisl Stefan (X451646),X451646,Stefan.Pfneisl@omv.com,A04.profile.Light,profile
Pfneisl Stefan (X451646),X451646,Stefan.Pfneisl@omv.com,data.Corporate,data
Piller Peter (X449362),X449362,Peter.Piller@omv.com,A08.profile.Projectmanager.Classic,profile
Piller Peter (X449362),X449362,Peter.Piller@omv.com,data.Austria,data
Pintilie Ioana-Denisa (X01027241),X01027241,IoanaDenisa.Pintilie@petrom.com,A06.profile.Light.Fin.Port,profile
Pintilie Ioana-Denisa (X01027241),X01027241,IoanaDenisa.Pintilie@petrom.com,data.Romania,data
Podeanu Teodor (X01008606),X01008606,Teodor.Podeanu@petrom.com,A07.profile.Projectmanager.PET,profile
Podeanu Teodor (X01008606),X01008606,Teodor.Podeanu@petrom.com,data.Romania,data
Poldlehner Andreas (X451272),X451272,Andreas.Poldlehner@omv.com,A21.profile.Reserves.HeadOffice,profile
Poldlehner Andreas (X451272),X451272,Andreas.Poldlehner@omv.com,data.Corporate,data
Ponte Pineda Wuilmer Jose (WUILMER1),WUILMER1,Wuilmer.Ponte@omv.com,A08.profile.Projectmanager.Classic,profile
Ponte Pineda Wuilmer Jose (WUILMER1),WUILMER1,Wuilmer.Ponte@omv.com,data.Norway,data
Pop Alina Simona (X01010854),X01010854,AlinaSimona.Pop@petrom.com,A16.profile.Finance.Classic,profile
Pop Alina Simona (X01010854),X01010854,AlinaSimona.Pop@petrom.com,data.Romania,data
Pop Anca-Mariana (X01000877),X01000877,Anca-Mariana.Pop@petrom.com,A20.profile.Reserves.local.QRE,profile
Pop Anca-Mariana (X01000877),X01000877,Anca-Mariana.Pop@petrom.com,data.Romania,data
Popa Elena (X01005827),X01005827,Elena.Popa1@petrom.com,A04.profile.Light,profile
Popa Elena (X01005827),X01005827,Elena.Popa1@petrom.com,data.Romania,data
Popa Marinel (X01022834),X01022834,Marinel.Popa@petrom.com,A04.profile.Light,profile
Popa Marinel (X01022834),X01022834,Marinel.Popa@petrom.com,data.Romania,data
Popescu Catalina (X01010203),X01010203,Catalina.Popescu@petrom.com,A20.profile.Reserves.local.QRE,profile
Popescu Catalina (X01010203),X01010203,Catalina.Popescu@petrom.com,data.Romania,data
Posch Lisa (X452007),X452007,Lisa.Posch@omv.com,A06.profile.Light.Fin.Port,profile
Posch Lisa (X452007),X452007,Lisa.Posch@omv.com,data.Corporate,data
Potoroaca Eglapie (X01025538),X01025538,Eglapie.Potoroaca@petrom.com,A16.profile.Finance.Classic,profile
Potoroaca Eglapie (X01025538),X01025538,Eglapie.Potoroaca@petrom.com,data.Bulgaria,data
Potoroaca Eglapie (X01025538),X01025538,Eglapie.Potoroaca@petrom.com,data.Georgia,data
Potoroaca Eglapie (X01025538),X01025538,Eglapie.Potoroaca@petrom.com,data.Romania,data
Prinz Stefan (STEFAN131),STEFAN131,Stefan.Prinz@omv.com,A08.profile.Projectmanager.Classic,profile
Prinz Stefan (STEFAN131),STEFAN131,Stefan.Prinz@omv.com,data.Austria,data
Prisnel Tatiana-Mirela (X01007916),X01007916,Tatiana.Prisnel@petrom.com,A16.profile.Finance.Classic,profile
Prisnel Tatiana-Mirela (X01007916),X01007916,Tatiana.Prisnel@petrom.com,data.Romania,data
Qureshi Waqas (XQURESHWA),XQURESHWA,Waqas.Qureshi@omv.com,A13.profile.Economics.Classic,profile
Qureshi Waqas (XQURESHWA),XQURESHWA,Waqas.Qureshi@omv.com,A16.profile.Finance.Classic,profile
Qureshi Waqas (XQURESHWA),XQURESHWA,Waqas.Qureshi@omv.com,data.ArabEmirates,data
Qureshi Waqas (XQURESHWA),XQURESHWA,Waqas.Qureshi@omv.com,data.Kurdistan,data
Qureshi Waqas (XQURESHWA),XQURESHWA,Waqas.Qureshi@omv.com,data.Yemen,profile
Radu Ionut-Andrei (X01024948),X01024948,Ionut_Andrei.Radu@petrom.com,A07.profile.Projectmanager.PET,profile
Radu Ionut-Andrei (X01024948),X01024948,Ionut_Andrei.Radu@petrom.com,data.Romania,data
Raducanu Mihaela Gratiela (X01016000),X01016000,Mihaela.Raducanu@petrom.com,A16.profile.Finance.Classic,profile
Raducanu Mihaela Gratiela (X01016000),X01016000,Mihaela.Raducanu@petrom.com,data.Romania,data
Raicu Marius (X01003111),X01003111,Marius.Raicu@petrom.com,A04.profile.Light,profile
Raicu Marius (X01003111),X01003111,Marius.Raicu@petrom.com,data.Romania,data
Rebega Mariana (MARIANA31),MARIANA31,Mariana.Rebega@external.petrom.com,data.Romania,data
Rebega Mariana (MARIANA31),MARIANA31,Mariana.Rebega@external.petrom.com,A04.profile.Light,profile
Rech Arno (X452124),X452124,Arno.Rech@omv.com,A14.profile.Economics.Regimes,profile
Rech Arno (X452124),X452124,Arno.Rech@omv.com,A15.profile.Economics.Plus,profile
Rech Arno (X452124),X452124,Arno.Rech@omv.com,data.Corporate,data
Redford Andrew (XREDFORD),XREDFORD,Andrew.Redford@omv.com,A16.profile.Finance.Classic,profile
Redford Andrew (XREDFORD),XREDFORD,Andrew.Redford@omv.com,data.Tunisia,data
Reid Brendon (BRENDON2),BRENDON2,Brendon.Reid@omv.com,A10.profile.Planning.classic,profile
Reid Brendon (BRENDON2),BRENDON2,Brendon.Reid@omv.com,A13.profile.Economics.Classic,profile
Reid Brendon (BRENDON2),BRENDON2,Brendon.Reid@omv.com,data.Australia,data
Reid Brendon (BRENDON2),BRENDON2,Brendon.Reid@omv.com,data.NewZealand,data
Renkema Wietse Joost (X452111),X452111,Wietse.Renkema@omv.com,A02.profile.PetroVR,profile
Renkema Wietse Joost (X452111),X452111,Wietse.Renkema@omv.com,A07.profile.Projectmanager.PET,profile
Renkema Wietse Joost (X452111),X452111,Wietse.Renkema@omv.com,data.Romania,data
Rizea Florin Mihai (X01006035),X01006035,Florin_Mihai.Rizea@petrom.com,A07.profile.Projectmanager.PET,profile
Rizea Florin Mihai (X01006035),X01006035,Florin_Mihai.Rizea@petrom.com,data.Romania,data
Rizea Marian (X01RIZMAR),X01RIZMAR,Marian.Rizea@petrom.com,A04.profile.Light,profile
Rizea Marian (X01RIZMAR),X01RIZMAR,Marian.Rizea@petrom.com,data.Romania,data
Rock Gregory John (GREGORY1),GREGORY1,GregoryJohn.Rock@omv.com,A04.profile.Light,profile
Rock Gregory John (GREGORY1),GREGORY1,GregoryJohn.Rock@omv.com,data.Corporate,data
Rock Gregory John (GREGORY1),GREGORY1,GregoryJohn.Rock@omv.com,data.Norway,data
Rodgers Emma (EMMA06),EMMA06,EMMA06@ww.omv.com,A10.profile.Planning.classic,profile
Rodgers Emma (EMMA06),EMMA06,EMMA06@ww.omv.com,A13.profile.Economics.Classic,profile
Rodgers Emma (EMMA06),EMMA06,EMMA06@ww.omv.com,data.Malaysia,data
Rodgers Emma (EMMA06),EMMA06,EMMA06@ww.omv.com,data.Mexico,data
Rodgers Emma (EMMA06),EMMA06,EMMA06@ww.omv.com,data.Sapura.Australia,data
Rodgers Emma (EMMA06),EMMA06,EMMA06@ww.omv.com,data.Sapura.NewZealand,data
Rodgers Emma (X449890),X449890,Emma.Rodgers@omv.com,A10.profile.Planning.classic,profile
Rodgers Emma (X449890),X449890,Emma.Rodgers@omv.com,A13.profile.Economics.Classic,profile
Rodgers Emma (X449890),X449890,Emma.Rodgers@omv.com,data.Malaysia,data
Rodgers Emma (X449890),X449890,Emma.Rodgers@omv.com,data.Mexico,data
Rodgers Emma (X449890),X449890,Emma.Rodgers@omv.com,data.Sapura.Australia,data
Rodgers Emma (X449890),X449890,Emma.Rodgers@omv.com,data.Sapura.NewZealand,data
Rodriguez Chavez Mario-Luis (X451671),X451671,Mario-Luis.Rodriguez_Chavez@omv.com,A14.profile.Economics.Regimes,profile
Rodriguez Chavez Mario-Luis (X451671),X451671,Mario-Luis.Rodriguez_Chavez@omv.com,A15.profile.Economics.Plus,profile
Rodriguez Chavez Mario-Luis (X451671),X451671,Mario-Luis.Rodriguez_Chavez@omv.com,data.Corporate,data
Rodriguez Craig (CRAIG8),CRAIG8,Craig.Rodriguez@omv.com,A08.profile.Projectmanager.Classic,profile
Rodriguez Craig (CRAIG8),CRAIG8,Craig.Rodriguez@omv.com,data.Australia,data
Rodriguez Craig (CRAIG8),CRAIG8,Craig.Rodriguez@omv.com,data.NewZealand,data
Roman Catalin-Adrian (X01000682),X01000682,Catalin-Adrian.Roman@petrom.com,A07.profile.Projectmanager.PET,profile
Roman Catalin-Adrian (X01000682),X01000682,Catalin-Adrian.Roman@petrom.com,data.Romania,data
Rotaru Elena (X01019014),X01019014,Elena.Rotaru3@petrom.com,A16.profile.Finance.Classic,profile
Rotaru Elena (X01019014),X01019014,Elena.Rotaru3@petrom.com,data.Romania,data
Rusen Mihail (X01007159),X01007159,Mihail.Rusen@petrom.com,A04.profile.Light,profile
Rusen Mihail (X01007159),X01007159,Mihail.Rusen@petrom.com,data.Romania,data
Rydningen Heidi (XRYDNINHE),XRYDNINHE,Heidi.Rydningen@omv.com,A08.profile.Projectmanager.Classic,profile
Rydningen Heidi (XRYDNINHE),XRYDNINHE,Heidi.Rydningen@omv.com,data.Norway,data
Safiullin Eduard (RU000017),RU000017,Eduard.Safiullin@omv.com,A04.profile.Light,profile
Safiullin Eduard (RU000017),RU000017,Eduard.Safiullin@omv.com,data.Russia,data
Sageder Stefan (STEFAN221),STEFAN221,Stefan.Sageder@omv.com,A19.profile.Portfolio.Classic,profile
Sageder Stefan (STEFAN221),STEFAN221,Stefan.Sageder@omv.com,data.Corporate,data
Salam Suzanah (SUZANAH1),SUZANAH1,SUZANAH1@ww.omv.com,A08.profile.Projectmanager.Classic,profile
Salam Suzanah (SUZANAH1),SUZANAH1,SUZANAH1@ww.omv.com,data.Malaysia,data
Sanchez Paez Camilo Andres (SANCHECA),SANCHECA,Camilo.Sanchez@omv.com,A16.profile.Finance.Classic,profile
Sanchez Paez Camilo Andres (SANCHECA),SANCHECA,Camilo.Sanchez@omv.com,data.Norway,data
Sandu Radita (X01014455),X01014455,Radita.Sandu@petrom.com,A16.profile.Finance.Classic,profile
Sandu Radita (X01014455),X01014455,Radita.Sandu@petrom.com,data.Romania,data
Sava Raluca Maria (X01SAVRAL),X01SAVRAL,Raluca.Sava@petrom.com,A06.profile.Light.Fin.Port,profile
Sava Raluca Maria (X01SAVRAL),X01SAVRAL,Raluca.Sava@petrom.com,data.Bulgaria,data
Sava Raluca Maria (X01SAVRAL),X01SAVRAL,Raluca.Sava@petrom.com,data.Georgia,data
Sava Raluca Maria (X01SAVRAL),X01SAVRAL,Raluca.Sava@petrom.com,data.Romania,data
Savulescu Nicoleta Cristina (X01021852),X01021852,Nicoleta.Savulescu@petrom.com,A16.profile.Finance.Classic,profile
Savulescu Nicoleta Cristina (X01021852),X01021852,Nicoleta.Savulescu@petrom.com,data.Romania,data
Savulescu Valentin (VALENTIN74),VALENTIN74,Valentin.Savulescu@external.petrom.com,A07.profile.Projectmanager.PET,profile
Savulescu Valentin (VALENTIN74),VALENTIN74,Valentin.Savulescu@external.petrom.com,data.Romania,data
Sbarcea Dan Aureliu (X01024255),X01024255,Aureliu.Sbarcea@petrom.com,A07.profile.Projectmanager.PET,profile
Sbarcea Dan Aureliu (X01024255),X01024255,Aureliu.Sbarcea@petrom.com,data.Romania,data
Scheruga-Rosmarion Harald (X011481),X011481,Harald.Scheruga@omv.com,A04.profile.Light,profile
Scheruga-Rosmarion Harald (X011481),X011481,Harald.Scheruga@omv.com,data.Corporate,data
Schiffmann Monika (MONIKA2),MONIKA2,Monika.Schiffmann@omv.com,A16.profile.Finance.Classic,profile
Schiffmann Monika (MONIKA2),MONIKA2,Monika.Schiffmann@omv.com,data.Malaysia,data
Schiffmann Monika (MONIKA2),MONIKA2,Monika.Schiffmann@omv.com,data.Mexico,data
Schiffmann Monika (MONIKA2),MONIKA2,Monika.Schiffmann@omv.com,data.Sapura.Australia,data
Schiffmann Monika (MONIKA2),MONIKA2,Monika.Schiffmann@omv.com,data.Sapura.NewZealand,data
Schmid Angelika (X450289),X450289,Angelika.Schmid@omv.com,A08.profile.Projectmanager.Classic,profile
Schmid Angelika (X450289),X450289,Angelika.Schmid@omv.com,data.Austria,data
Schmid Hanns Peter (X011444),X011444,Hanns.Schmid@omv.com,A08.profile.Projectmanager.Classic,profile
Schmid Hanns Peter (X011444),X011444,Hanns.Schmid@omv.com,data.Austria,data
Scholz Christian (CHRISTIAN130),CHRISTIAN130,Christian.Scholz@omv.com,data.Austria,data
Scholz Christian (CHRISTIAN130),CHRISTIAN130,Christian.Scholz@omv.com,A10.profile.Planning.classic,profile
Schulz Philipp (PHILIPP53),PHILIPP53,Philipp.Schulz@omv.com,A04.profile.Light,profile
Schulz Philipp (PHILIPP53),PHILIPP53,Philipp.Schulz@omv.com,data.Corporate,data
Schumacher Georg (X01SCHGEO),X01SCHGEO,Georg.Schumacher@petrom.com,A10.profile.Planning.classic,profile
Schumacher Georg (X01SCHGEO),X01SCHGEO,Georg.Schumacher@petrom.com,A13.profile.Economics.Classic,profile
Schumacher Georg (X01SCHGEO),X01SCHGEO,Georg.Schumacher@petrom.com,data.Corporate,data
Scsepka Hermann (X400044),X400044,Hermann.Scsepka@omv.com,A08.profile.Projectmanager.Classic,profile
Scsepka Hermann (X400044),X400044,Hermann.Scsepka@omv.com,data.Libya,data
Secklehner Severin (X449657),X449657,Severin.Secklehner@omv.com,A02.profile.PetroVR,profile
Secklehner Severin (X449657),X449657,Severin.Secklehner@omv.com,A04.profile.Light,profile
Secklehner Severin (X449657),X449657,Severin.Secklehner@omv.com,data.Corporate,data
Seeber Christian (X449564),X449564,Christian.Seeber@omv.com,A06.profile.Light.Fin.Port,profile
Seeber Christian (X449564),X449564,Christian.Seeber@omv.com,data.Corporate,data
Seidl Georg (GEORG2),GEORG2,Georg.Seidl@omv.com,A04.profile.Light,profile
Seidl Georg (GEORG2),GEORG2,Georg.Seidl@omv.com,data.Austria,data
Seidl Georg (GEORG2),GEORG2,Georg.Seidl@omv.com,data.Corporate,data
Shi Rong Amanda Choong (AMANDA4),AMANDA4,AMANDA4@ww.omv.com,A04.profile.Light,profile
Shi Rong Amanda Choong (AMANDA4),AMANDA4,AMANDA4@ww.omv.com,data.Malaysia,data
Shi Rong Amanda Choong (AMANDA4),AMANDA4,AMANDA4@ww.omv.com,data.Mexico,data
Shi Rong Amanda Choong (AMANDA4),AMANDA4,AMANDA4@ww.omv.com,data.Sapura.Australia,data
Shi Rong Amanda Choong (AMANDA4),AMANDA4,AMANDA4@ww.omv.com,data.Sapura.NewZealand,data
Simionescu Bianca Mihaiela (X01007099),X01007099,Mihaela.Simionescu@petrom.com,A16.profile.Finance.Classic,profile
Simionescu Bianca Mihaiela (X01007099),X01007099,Mihaela.Simionescu@petrom.com,data.Romania,data
Simpkins Anthony (ANTHONY1),ANTHONY1,Anthony.Simpkins@petrom.com,A07.profile.Projectmanager.PET,profile
Simpkins Anthony (ANTHONY1),ANTHONY1,Anthony.Simpkins@petrom.com,data.Romania,data
Six Jörg (X451555),X451555,Joerg_Michael.Six@omv.com,A08.profile.Projectmanager.Classic,profile
Six Jörg (X451555),X451555,Joerg_Michael.Six@omv.com,data.Libya,data
Skeie Elin (ELIN01),ELIN01,Elin.Skeie@omv.com,A08.profile.Projectmanager.Classic,profile
Skeie Elin (ELIN01),ELIN01,Elin.Skeie@omv.com,data.Norway,data
Sledz Christian (CHRISTIAN87),CHRISTIAN87,Christian.Sledz@petrom.com,A14.profile.Economics.Regimes,profile
Sledz Christian (CHRISTIAN87),CHRISTIAN87,Christian.Sledz@petrom.com,A15.profile.Economics.Plus,profile
Sledz Christian (CHRISTIAN87),CHRISTIAN87,Christian.Sledz@petrom.com,data.Bulgaria,data
Sledz Christian (CHRISTIAN87),CHRISTIAN87,Christian.Sledz@petrom.com,data.Corporate,data
Sledz Christian (CHRISTIAN87),CHRISTIAN87,Christian.Sledz@petrom.com,data.Georgia,data
Sledz Christian (CHRISTIAN87),CHRISTIAN87,Christian.Sledz@petrom.com,data.Romania,data
Small Warwick (WARWICK4),WARWICK4,Warwick.Small@omv.com,A08.profile.Projectmanager.Classic,profile
Small Warwick (WARWICK4),WARWICK4,Warwick.Small@omv.com,data.NewZealand,data
Smith Warwick (WARWICK5),WARWICK5,Warwick.Smith@omv.com,A08.profile.Projectmanager.Classic,profile
Smith Warwick (WARWICK5),WARWICK5,Warwick.Smith@omv.com,data.NewZealand,data
Soricu Mihai (X01020563),X01020563,Mihai.Soricu@petrom.com,A07.profile.Projectmanager.PET,profile
Soricu Mihai (X01020563),X01020563,Mihai.Soricu@petrom.com,data.Romania,data
Stürzenbecher Sascha (SASCHA15),SASCHA15,sascha.stuerzenbecher@omv.com,A16.profile.Finance.Classic,profile
Stürzenbecher Sascha (SASCHA15),SASCHA15,sascha.stuerzenbecher@omv.com,data.OMVEP,data
Stairs Michael (X01022519),x01022519,Michael.Stairs@omv.com,A08.profile.Projectmanager.Classic,profile
Stairs Michael (X01022519),x01022519,Michael.Stairs@omv.com,data.Libya,data
Stanca Mihaela-Cristina (X01000589),X01000589,Mihaela-Cristina.Stanca@petrom.com,A13.profile.Economics.Classic,profile
Stanca Mihaela-Cristina (X01000589),X01000589,Mihaela-Cristina.Stanca@petrom.com,data.Bulgaria,data
Stanca Mihaela-Cristina (X01000589),X01000589,Mihaela-Cristina.Stanca@petrom.com,data.Georgia,data
Stanca Mihaela-Cristina (X01000589),X01000589,Mihaela-Cristina.Stanca@petrom.com,data.Romania,data
Stanciu Bogdan-Ionut (X01026906),X01026906,BogdanIonut.Stanciu@omv.com,data.Austria,data
Stanciu Bogdan-Ionut (X01026906),X01026906,BogdanIonut.Stanciu@omv.com,A20.profile.Reserves.local.QRE,profile
Stancu Nicoleta (X01000648),X01000648,Nicoleta.Stancu@petrom.com,A20.profile.Reserves.local.QRE,profile
Stancu Nicoleta (X01000648),X01000648,Nicoleta.Stancu@petrom.com,data.Romania,data
Stefan Nicolae (X01007286),X01007286,Nicolae.Stefan2@petrom.com,A07.profile.Projectmanager.PET,profile
Stefan Nicolae (X01007286),X01007286,Nicolae.Stefan2@petrom.com,data.Romania,data
Stefanescu Angela (X01002079),X01002079,Angela.Stefanescu@petrom.com,A07.profile.Projectmanager.PET,profile
Stefanescu Angela (X01002079),X01002079,Angela.Stefanescu@petrom.com,data.Romania,data
Stockinger Andreas (ANDREAS60),ANDREAS60,Andreas.Stockinger@omv.com,A17.profile.Finance.Regimes,profile
Stockinger Andreas (ANDREAS60),ANDREAS60,Andreas.Stockinger@omv.com,A18.profile.Finance.Plus,profile
Stockinger Andreas (ANDREAS60),ANDREAS60,Andreas.Stockinger@omv.com,data.Corporate,data
Stoecke Ewald (X01STOEWA),X01STOEWA,Ewald.Stoecke@petrom.com,A07.profile.Projectmanager.PET,profile
Stoecke Ewald (X01STOEWA),X01STOEWA,Ewald.Stoecke@petrom.com,data.Romania,data
Stoica Emilia-Daniela (X01000585),X01000585,Emilia-Daniela.Stoica@petrom.com,A19.profile.Portfolio.Classic,profile
Stoica Emilia-Daniela (X01000585),X01000585,Emilia-Daniela.Stoica@petrom.com,data.Bulgaria,data
Stoica Emilia-Daniela (X01000585),X01000585,Emilia-Daniela.Stoica@petrom.com,data.Georgia,data
Stoica Emilia-Daniela (X01000585),X01000585,Emilia-Daniela.Stoica@petrom.com,data.Romania,data
Stoica Ion (X01008414),X01008414,Ion.Stoica@petrom.com,A07.profile.Projectmanager.PET,profile
Stoica Ion (X01008414),X01008414,Ion.Stoica@petrom.com,data.Romania,data
Stoican Gabriela (X01015911),X01015911,Gabriela.Stoican@petrom.com,A07.profile.Projectmanager.PET,profile
Stoican Gabriela (X01015911),X01015911,Gabriela.Stoican@petrom.com,data.Romania,data
Stoiser Birgit (X449810),X449810,Birgit.Stoiser@omv.com,data.Corporate,data
Stoiser Birgit (X449810),X449810,Birgit.Stoiser@omv.com,A04.profile.Light,profile
Suer Elisabeth (X450621),X450621,Elisabeth.Suer@omv.com,A18.profile.Finance.Plus,profile
Suer Elisabeth (X450621),X450621,Elisabeth.Suer@omv.com,data.Corporate,data
Sukosd Zoltan (X01022656),X01022656,Zoltan.Sukosd@petrom.com,A16.profile.Finance.Classic,profile
Sukosd Zoltan (X01022656),X01022656,Zoltan.Sukosd@petrom.com,data.Romania,data
Surubaru Iulia Carmen (X01004284),X01004284,Iulia_Carmen.Surubaru@petrom.com,A07.profile.Projectmanager.PET,profile
Surubaru Iulia Carmen (X01004284),X01004284,Iulia_Carmen.Surubaru@petrom.com,data.Romania,data
Svane Elisabeth (ELISABETH3),ELISABETH3,Elisabeth.Svane@omv.com,A08.profile.Projectmanager.Classic,profile
Svane Elisabeth (ELISABETH3),ELISABETH3,Elisabeth.Svane@omv.com,data.Norway,data
Swales Marc Steven (MARC23),MARC23,MarcSteven.Swales@omv.com,A14.profile.Economics.Regimes,profile
Swales Marc Steven (MARC23),MARC23,MarcSteven.Swales@omv.com,A15.profile.Economics.Plus,profile
Swales Marc Steven (MARC23),MARC23,MarcSteven.Swales@omv.com,data.Corporate,data
Tan Lai Huat (LAI001),LAI001,LAI001@ww.omv.com,A16.profile.Finance.Classic,profile
Tan Lai Huat (LAI001),LAI001,LAI001@ww.omv.com,data.Malaysia,data
Tan Lai Huat (LAI001),LAI001,LAI001@ww.omv.com,data.Mexico,data
Tan Lai Huat (LAI001),LAI001,LAI001@ww.omv.com,data.Sapura.Australia,data
Tan Lai Huat (LAI001),LAI001,LAI001@ww.omv.com,data.Sapura.NewZealand,data
Tauschitz Christian (X449194),X449194,Christian.Tauschitz@omv.com,A16.profile.Finance.Classic,profile
Tauschitz Christian (X449194),X449194,Christian.Tauschitz@omv.com,data.Austria,data
Tay Sze Ying (SZE001),SZE001,SZE001@ww.omv.com,A16.profile.Finance.Classic,profile
Tay Sze Ying (SZE001),SZE001,SZE001@ww.omv.com,data.Malaysia,data
Tay Sze Ying (SZE001),SZE001,SZE001@ww.omv.com,data.Mexico,data
Tay Sze Ying (SZE001),SZE001,SZE001@ww.omv.com,data.Sapura.Australia,data
Tay Sze Ying (SZE001),SZE001,SZE001@ww.omv.com,data.Sapura.NewZealand,data
Theobald Bronwyn (BRONWYN1),BRONWYN1,Bronwyn.Theobald@omv.com,A08.profile.Projectmanager.Classic,profile
Theobald Bronwyn (BRONWYN1),BRONWYN1,Bronwyn.Theobald@omv.com,data.NewZealand,data
Thomas Oliver (OLIVER30),OLIVER30,Oliver.Thomas@omv.com,A08.profile.Projectmanager.Classic,profile
Thomas Oliver (OLIVER30),OLIVER30,Oliver.Thomas@omv.com,A20.profile.Reserves.local.QRE,profile
Thomas Oliver (OLIVER30),OLIVER30,Oliver.Thomas@omv.com,data.NewZealand,data
Thomassen Jens Rune (JENS11),JENS11,JensRune.Thomassen@omv.com,A08.profile.Projectmanager.Classic,profile
Thomassen Jens Rune (JENS11),JENS11,JensRune.Thomassen@omv.com,data.Norway,data
Tiganasu Cezar-Gabriel (X01026058),X01026058,CezarGabriel.Tiganasu@petrom.com,A07.profile.Projectmanager.PET,profile
Tiganasu Cezar-Gabriel (X01026058),X01026058,CezarGabriel.Tiganasu@petrom.com,data.Romania,data
Tirliman Adrian (X01013919),X01013919,Adrian.Tirliman@petrom.com,A07.profile.Projectmanager.PET,profile
Tirliman Adrian (X01013919),X01013919,Adrian.Tirliman@petrom.com,data.Romania,data
Tittes Daniela (X01008399),X01008399,Daniela.Tittes@petrom.com,A04.profile.Light,profile
Tittes Daniela (X01008399),X01008399,Daniela.Tittes@petrom.com,data.Romania,data
Toader Elisabeta (X01022559),X01022559,Elisabeta.Toader@petrom.com,A16.profile.Finance.Classic,profile
Toader Elisabeta (X01022559),X01022559,Elisabeta.Toader@petrom.com,data.Romania,data
Toader Simona (SIMONA21),SIMONA21,Simona.Toader@petrom.com,A07.profile.Projectmanager.PET,profile
Toader Simona (SIMONA21),SIMONA21,Simona.Toader@petrom.com,data.Romania,data
Todea Cristian-Ion (X01005430),X01005430,Cristian_Ion.Todea@petrom.com,A04.profile.Light,profile
Todea Cristian-Ion (X01005430),X01005430,Cristian_Ion.Todea@petrom.com,data.Romania,data
Toma (Badoi) Nicoleta-Adriana (X01026454),X01026454,NicoletaAdriana.Toma@omv.com,A20.profile.Reserves.local.QRE,profile
Toma (Badoi) Nicoleta-Adriana (X01026454),X01026454,NicoletaAdriana.Toma@omv.com,data.ArabEmirates,data
Toma (Badoi) Nicoleta-Adriana (X01026454),X01026454,NicoletaAdriana.Toma@omv.com,data.Kurdistan,data
Toma (Badoi) Nicoleta-Adriana (X01026454),X01026454,NicoletaAdriana.Toma@omv.com,data.Yemen,profile
Toma Gerasel (X01001437),X01001437,Gerasel.Toma@petrom.com,A16.profile.Finance.Classic,profile
Toma Gerasel (X01001437),X01001437,Gerasel.Toma@petrom.com,data.Romania,data
Tomasevic Darijo (DARIJO1),DARIJO1,Darijo.Tomasevic@omv.com,A16.profile.Finance.Classic,profile
Tomasevic Darijo (DARIJO1),DARIJO1,Darijo.Tomasevic@omv.com,data.Austria,data
Tong Priscilla (PRISCILLA1),PRISCILLA1,PRISCILLA1@ww.omv.com,A10.profile.Planning.classic,profile
Tong Priscilla (PRISCILLA1),PRISCILLA1,PRISCILLA1@ww.omv.com,A13.profile.Economics.Classic,profile
Tong Priscilla (PRISCILLA1),PRISCILLA1,PRISCILLA1@ww.omv.com,data.Malaysia,data
Tong Priscilla (PRISCILLA1),PRISCILLA1,PRISCILLA1@ww.omv.com,data.Mexico,data
Tong Priscilla (PRISCILLA1),PRISCILLA1,PRISCILLA1@ww.omv.com,data.Sapura.Australia,data
Tong Priscilla (PRISCILLA1),PRISCILLA1,PRISCILLA1@ww.omv.com,data.Sapura.NewZealand,data
Torrance Marijka (MARIJKA1),MARIJKA1,Marijka.Torrance@omv.com,A08.profile.Projectmanager.Classic,profile
Torrance Marijka (MARIJKA1),MARIJKA1,Marijka.Torrance@omv.com,data.NewZealand,data
Torres Jauregui Pablo Antonio (X450766),X450766,Pablo_Antonio.Torres_Jauregui@omv.com,A04.profile.Light,profile
Torres Jauregui Pablo Antonio (X450766),X450766,Pablo_Antonio.Torres_Jauregui@omv.com,data.Corporate,data
Trana Virginia (VIRGINIA2),VIRGINIA2,Virginia.Trana@petrom.com,A16.profile.Finance.Classic,profile
Trana Virginia (VIRGINIA2),VIRGINIA2,Virginia.Trana@petrom.com,data.Romania,data
Treichel Andreas (XTREIAN),XTREIAN,Andreas.Treichel@omv.com,A08.profile.Projectmanager.Classic,profile
Treichel Andreas (XTREIAN),XTREIAN,Andreas.Treichel@omv.com,data.Norway,data
Umani Leonardo (LEONARDO1),LEONARDO1,Leonardo.Umani@omv.com,A12.profile.Auditor,profile
Umani Leonardo (LEONARDO1),LEONARDO1,Leonardo.Umani@omv.com,A17.profile.Finance.Regimes,profile
Umani Leonardo (LEONARDO1),LEONARDO1,Leonardo.Umani@omv.com,A18.profile.Finance.Plus,profile
Umani Leonardo (LEONARDO1),LEONARDO1,Leonardo.Umani@omv.com,data.Corporate,data
Uta Elena (X01013566),X01013566,Elena.Uta@petrom.com,A07.profile.Projectmanager.PET,profile
Uta Elena (X01013566),X01013566,Elena.Uta@petrom.com,data.Romania,data
Vatafu Simona (X01026139),X01026139,Simona.Vatafu@petrom.com,A19.profile.Portfolio.Classic,profile
Vatafu Simona (X01026139),X01026139,Simona.Vatafu@petrom.com,data.Romania,data
Veit Hans Christopher (X419929),X419929,Christopher.Veit@petrom.com,A04.profile.Light,profile
Veit Hans Christopher (X419929),X419929,Christopher.Veit@petrom.com,data.Bulgaria,data
Veit Hans Christopher (X419929),X419929,Christopher.Veit@petrom.com,data.Georgia,data
Veit Hans Christopher (X419929),X419929,Christopher.Veit@petrom.com,data.Romania,data
Verient Gery (X451624),X451624,Gery.Verient@omv.com,A02.profile.PetroVR,profile
Verient Gery (X451624),X451624,Gery.Verient@omv.com,A08.profile.Projectmanager.Classic,profile
Verient Gery (X451624),X451624,Gery.Verient@omv.com,data.Libya,data
Vierita Nicoleta (X01016011),X01016011,Nicoleta.Vierita@petrom.com,A16.profile.Finance.Classic,profile
Vierita Nicoleta (X01016011),X01016011,Nicoleta.Vierita@petrom.com,data.Romania,data
Vindt Emil Cornel (X01000632),X01000632,Emil-Cornel.Vindt@petrom.com,A07.profile.Projectmanager.PET,profile
Vindt Emil Cornel (X01000632),X01000632,Emil-Cornel.Vindt@petrom.com,data.Romania,data
Vindt Manuela Corina (X01001056),X01001056,Manuela.Vindt@petrom.com,A07.profile.Projectmanager.PET,profile
Vindt Manuela Corina (X01001056),X01001056,Manuela.Vindt@petrom.com,data.Romania,data
Vintila Stefan-Corneliu (X01024067),X01024067,Stefan_Corneliu.Vintila@petrom.com,A04.profile.Light,profile
Vintila Stefan-Corneliu (X01024067),X01024067,Stefan_Corneliu.Vintila@petrom.com,data.Romania,data
Vladila Daniela (X01015430),X01015430,Daniela.Vladila@petrom.com,A16.profile.Finance.Classic,profile
Vladila Daniela (X01015430),X01015430,Daniela.Vladila@petrom.com,data.Romania,data
Volker Lukas Johannes (LUKAS80),LUKAS80,Lukas.Volker@omv.com,A17.profile.Finance.Regimes,profile
Volker Lukas Johannes (LUKAS80),LUKAS80,Lukas.Volker@omv.com,A22.profile.Reserves.Headoffice.Power,profile
Volker Lukas Johannes (LUKAS80),LUKAS80,Lukas.Volker@omv.com,data.Corporate,data
Waldner Martina (X449157),X449157,Martina.Waldner@omv.com,A06.profile.Light.Fin.Port,profile
Waldner Martina (X449157),X449157,Martina.Waldner@omv.com,data.Corporate,data
Wallace James (XWALJAM),XWALJAM,James.Wallace@omv.com,A06.profile.Light.Fin.Port,profile
Wallace James (XWALJAM),XWALJAM,James.Wallace@omv.com,data.Tunisia,data
Werth Thomas (X011614),X011614,Thomas.Werth@omv.com,A04.profile.Light,profile
Werth Thomas (X011614),X011614,Thomas.Werth@omv.com,data.Corporate,data
White Justin (WHITEJ),WHITEJ,Justin.White@omv.com,A06.profile.Light.Fin.Port,profile
White Justin (WHITEJ),WHITEJ,Justin.White@omv.com,data.Australia,data
White Justin (WHITEJ),WHITEJ,Justin.White@omv.com,data.NewZealand,data
Wiedemann Gerhard (X451148),X451148,Gerhard.Wiedemann@omv.com,A08.profile.Projectmanager.Classic,profile
Wiedemann Gerhard (X451148),X451148,Gerhard.Wiedemann@omv.com,data.Austria,data
Wildförster Arndt (X449370),X449370,Arndt.Wildfoerster@omv.com,A07.profile.Projectmanager.PET,profile
Wildförster Arndt (X449370),X449370,Arndt.Wildfoerster@omv.com,data.Romania,data
Williamson Kerry (KERRY5),KERRY5,Kerry.Williamson@omv.com,A08.profile.Projectmanager.Classic,profile
Williamson Kerry (KERRY5),KERRY5,Kerry.Williamson@omv.com,data.NewZealand,data
Windisch Bernhard (BERNHARD10),BERNHARD10,Bernhard.Windisch@omv.com,A07.profile.Projectmanager.PET,profile
Windisch Bernhard (BERNHARD10),BERNHARD10,Bernhard.Windisch@omv.com,data.Romania,data
Winter Ulrich (X431908),X431908,Ulrich.Winter@omv.com,A04.profile.Light,profile
Winter Ulrich (X431908),X431908,Ulrich.Winter@omv.com,data.Austria,data
Wolff Larissa (LARISSA2),LARISSA2,Larissa.Wolff@omv.com,A08.profile.Projectmanager.Classic,profile
Wolff Larissa (LARISSA2),LARISSA2,Larissa.Wolff@omv.com,data.Austria,data
Wood Jonathan (JONATHAN14),JONATHAN14,Jonathan.Wood@omv.com,A10.profile.Planning.classic,profile
Wood Jonathan (JONATHAN14),JONATHAN14,Jonathan.Wood@omv.com,A13.profile.Economics.Classic,profile
Wood Jonathan (JONATHAN14),JONATHAN14,Jonathan.Wood@omv.com,data.Australia,data
Wood Jonathan (JONATHAN14),JONATHAN14,Jonathan.Wood@omv.com,data.NewZealand,data
Yahya Abdulkhalek Mohamed (ABDULKHAL1),ABDULKHAL1,Abdulkhalek.Mohamed@omv.com,A08.profile.Projectmanager.Classic,profile
Yahya Abdulkhalek Mohamed (ABDULKHAL1),ABDULKHAL1,Abdulkhalek.Mohamed@omv.com,data.Libya,data
Yam Sean Seng Ho (SENG01),SENG01,SENG01@ww.omv.com,A08.profile.Projectmanager.Classic,profile
Yam Sean Seng Ho (SENG01),SENG01,SENG01@ww.omv.com,data.Malaysia,data
Zabalza Isabelle (X451087),X451087,Isabelle.Zabalza@omv.com,A08.profile.Projectmanager.Classic,profile
Zabalza Isabelle (X451087),X451087,Isabelle.Zabalza@omv.com,data.Malaysia,data
Zabalza Isabelle (X451087),X451087,Isabelle.Zabalza@omv.com,data.Mexico,data
Zabalza Isabelle (X451087),X451087,Isabelle.Zabalza@omv.com,data.Sapura.Australia,data
Zabalza Isabelle (X451087),X451087,Isabelle.Zabalza@omv.com,data.Sapura.NewZealand,data
Zabel David (DAVID27),DAVID27,David.Zabel@omv.com,A08.profile.Projectmanager.Classic,profile
Zabel David (DAVID27),DAVID27,David.Zabel@omv.com,data.Austria,data
Zachia Marcel-Horatiu (X01011091),X01011091,Horatiu.Zachia@petrom.com,A04.profile.Light,profile
Zachia Marcel-Horatiu (X01011091),X01011091,Horatiu.Zachia@petrom.com,data.Romania,data
Zahiu Georgeta (X01010515),X01010515,Georgeta.Zahiu@omv.com,A07.profile.Projectmanager.PET,profile
Zahiu Georgeta (X01010515),X01010515,Georgeta.Zahiu@omv.com,data.Romania,data
Zar Hichem (HICHEM1),HICHEM1,Hichem.Zar@omv.com,A20.profile.Reserves.local.QRE,profile
Zar Hichem (HICHEM1),HICHEM1,Hichem.Zar@omv.com,data.Tunisia,data
Zeilinger Andrea (X451927),X451927,Andrea.Zeilinger@omv.com,A06.profile.Light.Fin.Port,profile
Zeilinger Andrea (X451927),X451927,Andrea.Zeilinger@omv.com,data.Corporate,data
Ziyani Hussein (XZIYANI),XZIYANI,Hussein.Ziyani@omv.com,data.Libya,data
Ziyani Hussein (XZIYANI),XZIYANI,Hussein.Ziyani@omv.com,A04.profile.Light,profile
Zosmer Carina (X01010519),X01010519,Carina.Zosmer@petrom.com,A04.profile.Light,profile
Zosmer Carina (X01010519),X01010519,Carina.Zosmer@petrom.com,data.Romania,data
